INSERT INTO Person_R2 VALUES ('26 Nanyang Crescent #16-12', '156726', 'Singapore', 'Singapore');
INSERT INTO Person_R2 VALUES ('12 Bukit Batok View #14-11', '290312', 'Singapore', 'Singapore');
INSERT INTO Person_R2 VALUES ('45 Bukit Batok Crescent #01-14', '256145', 'Singapore', 'Singapore');
INSERT INTO Person_R2 VALUES ('32 Nanyang Avenue #18-04', '195732', 'Singapore', 'Singapore');
INSERT INTO Person_R2 VALUES ('42 Tampines Street #15-03', '357742', 'Singapore', 'Singapore');
INSERT INTO Person_R2 VALUES ('20 Haig Crescent #10-18', '452720', 'Singapore', 'Singapore');
INSERT INTO Person_R2 VALUES ('43 Bukit Batok Street #11-12', '211543', 'Singapore', 'Singapore');
INSERT INTO Person_R2 VALUES ('50 Paya Lebar View #19-18', '518850', 'Singapore', 'Singapore');
INSERT INTO Person_R2 VALUES ('31 Bukit Batok Street #17-07', '271631', 'Singapore', 'Singapore');
INSERT INTO Person_R2 VALUES ('17 Ang Mo Kio View #14-14', '626317', 'Singapore', 'Singapore');
INSERT INTO Person_R2 VALUES ('30 Paya Lebar Street #01-11', '595730', 'Singapore', 'Singapore');
INSERT INTO Person_R2 VALUES ('18 Bukit Batok View #09-04', '263218', 'Singapore', 'Singapore');
INSERT INTO Person_R2 VALUES ('13 Bugis Avenue #17-01', '771913', 'Singapore', 'Singapore');
INSERT INTO Person_R2 VALUES ('25 Bedok Street #18-05', '827225', 'Singapore', 'Singapore');
INSERT INTO Person_R2 VALUES ('33 Pasir Ris Avenue #09-17', '846733', 'Singapore', 'Singapore');
INSERT INTO Person_R2 VALUES ('26 Tampines Crescent #02-18', '381326', 'Singapore', 'Singapore');
INSERT INTO Person_R2 VALUES ('21 Bukit Batok Street #02-11', '261321', 'Singapore', 'Singapore');
INSERT INTO Person_R2 VALUES ('27 Nanyang Avenue #09-15', '122127', 'Singapore', 'Singapore');
INSERT INTO Person_R2 VALUES ('44 Bedok Crescent #05-03', '853744', 'Singapore', 'Singapore');
INSERT INTO Person_R2 VALUES ('27 Bedok Crescent #17-19', '823227', 'Singapore', 'Singapore');
INSERT INTO Person_R2 VALUES ('29 Tampines View #16-04', '349229', 'Singapore', 'Singapore');
INSERT INTO Person_R2 VALUES ('27 Bedok Avenue #13-15', '818827', 'Singapore', 'Singapore');
INSERT INTO Person_R2 VALUES ('24 Pasir Ris View #14-11', '871724', 'Singapore', 'Singapore');
INSERT INTO Person_R2 VALUES ('14 Bugis Avenue #12-13', '736314', 'Singapore', 'Singapore');
INSERT INTO Person_R2 VALUES ('40 Ang Mo Kio Crescent #07-00', '644440', 'Singapore', 'Singapore');
INSERT INTO Person_R2 VALUES ('36 Haig Crescent #13-20', '438436', 'Singapore', 'Singapore');
INSERT INTO Person_R2 VALUES ('18 Bedok Avenue #01-00', '841818', 'Singapore', 'Singapore');
INSERT INTO Person_R2 VALUES ('50 Bedok Crescent #12-11', '832450', 'Singapore', 'Singapore');
INSERT INTO Person_R2 VALUES ('15 Chestnut Avenue #15-09', '980815', 'Singapore', 'Singapore');
INSERT INTO Person_R2 VALUES ('25 Tampines Crescent #07-15', '333625', 'Singapore', 'Singapore');
INSERT INTO Person_R2 VALUES ('24 Bugis View #14-20', '777924', 'Singapore', 'Singapore');
INSERT INTO Person_R2 VALUES ('35 Paya Lebar Street #19-12', '523935', 'Singapore', 'Singapore');
INSERT INTO Person_R2 VALUES ('30 Haig Crescent #02-10', '474030', 'Singapore', 'Singapore');
INSERT INTO Person_R2 VALUES ('28 Haig View #01-07', '433928', 'Singapore', 'Singapore');
INSERT INTO Person_R2 VALUES ('40 Paya Lebar View #17-18', '576140', 'Singapore', 'Singapore');
INSERT INTO Person_R2 VALUES ('42 Bukit Batok Street #13-15', '285942', 'Singapore', 'Singapore');
INSERT INTO Person_R2 VALUES ('39 Tampines Street #03-19', '351139', 'Singapore', 'Singapore');
INSERT INTO Person_R2 VALUES ('33 Chestnut Crescent #13-17', '988533', 'Singapore', 'Singapore');
INSERT INTO Person_R2 VALUES ('11 Tampines Crescent #11-19', '347211', 'Singapore', 'Singapore');
INSERT INTO Person_R2 VALUES ('20 Chestnut Street #03-11', '913020', 'Singapore', 'Singapore');
INSERT INTO Person_R2 VALUES ('38 Chestnut View #06-11', '946838', 'Singapore', 'Singapore');
INSERT INTO Person_R2 VALUES ('30 Bukit Batok View #13-19', '272330', 'Singapore', 'Singapore');
INSERT INTO Person_R2 VALUES ('39 Nanyang Avenue #05-17', '127339', 'Singapore', 'Singapore');
INSERT INTO Person_R2 VALUES ('41 Bedok View #20-07', '891441', 'Singapore', 'Singapore');
INSERT INTO Person_R2 VALUES ('49 Ang Mo Kio Crescent #17-00', '656949', 'Singapore', 'Singapore');
INSERT INTO Person_R2 VALUES ('47 Chestnut View #19-16', '940147', 'Singapore', 'Singapore');
INSERT INTO Person_R2 VALUES ('43 Bukit Batok Street #15-18', '273143', 'Singapore', 'Singapore');
INSERT INTO Person_R2 VALUES ('16 Chestnut Crescent #15-12', '997316', 'Singapore', 'Singapore');
INSERT INTO Person_R2 VALUES ('49 Nanyang Avenue #19-10', '153449', 'Singapore', 'Singapore');
INSERT INTO Person_R2 VALUES ('33 Paya Lebar Avenue #05-15', '591233', 'Singapore', 'Singapore');
INSERT INTO Person_R2 VALUES ('47 Haig View #16-09', '488247', 'Singapore', 'Singapore');
INSERT INTO Person_R2 VALUES ('28 Ang Mo Kio Avenue #04-16', '660228', 'Singapore', 'Singapore');
INSERT INTO Person_R2 VALUES ('33 Haig View #07-15', '423333', 'Singapore', 'Singapore');
INSERT INTO Person_R2 VALUES ('46 Bukit Batok Crescent #14-06', '272146', 'Singapore', 'Singapore');
INSERT INTO Person_R2 VALUES ('48 Paya Lebar View #09-05', '534348', 'Singapore', 'Singapore');
INSERT INTO Person_R2 VALUES ('21 Bedok Crescent #01-17', '839021', 'Singapore', 'Singapore');
INSERT INTO Person_R2 VALUES ('11 Bukit Batok Avenue #19-15', '282011', 'Singapore', 'Singapore');
INSERT INTO Person_R2 VALUES ('15 Paya Lebar View #13-04', '541515', 'Singapore', 'Singapore');
INSERT INTO Person_R2 VALUES ('40 Nanyang Avenue #06-18', '130140', 'Singapore', 'Singapore');
INSERT INTO Person_R2 VALUES ('14 Paya Lebar View #16-06', '576314', 'Singapore', 'Singapore');
INSERT INTO Person_R2 VALUES ('42 Tampines Street #14-12', '386942', 'Singapore', 'Singapore');
INSERT INTO Person_R2 VALUES ('44 Bukit Batok View #17-14', '211544', 'Singapore', 'Singapore');
INSERT INTO Person_R2 VALUES ('36 Pasir Ris View #06-04', '827436', 'Singapore', 'Singapore');
INSERT INTO Person_R2 VALUES ('37 Bukit Batok Street #11-00', '256637', 'Singapore', 'Singapore');
INSERT INTO Person_R2 VALUES ('36 Tampines Crescent #10-18', '320636', 'Singapore', 'Singapore');
INSERT INTO Person_R2 VALUES ('38 Pasir Ris Crescent #04-00', '824738', 'Singapore', 'Singapore');
INSERT INTO Person_R2 VALUES ('49 Bugis Avenue #10-02', '781349', 'Singapore', 'Singapore');
INSERT INTO Person_R2 VALUES ('41 Tampines Street #08-04', '317341', 'Singapore', 'Singapore');
INSERT INTO Person_R2 VALUES ('41 Haig Street #07-05', '490741', 'Singapore', 'Singapore');
INSERT INTO Person_R2 VALUES ('31 Bedok Avenue #17-17', '881931', 'Singapore', 'Singapore');
INSERT INTO Person_R2 VALUES ('19 Pasir Ris Street #03-06', '893519', 'Singapore', 'Singapore');
INSERT INTO Person_R2 VALUES ('43 Haig Street #06-15', '421143', 'Singapore', 'Singapore');
INSERT INTO Person_R2 VALUES ('29 Pasir Ris Street #15-02', '899929', 'Singapore', 'Singapore');
INSERT INTO Person_R2 VALUES ('39 Nanyang Avenue #08-06', '130539', 'Singapore', 'Singapore');
INSERT INTO Person_R2 VALUES ('30 Tampines Avenue #08-17', '313230', 'Singapore', 'Singapore');
INSERT INTO Person_R2 VALUES ('33 Bugis Street #14-04', '761133', 'Singapore', 'Singapore');
INSERT INTO Person_R2 VALUES ('20 Bugis Avenue #02-11', '735620', 'Singapore', 'Singapore');
INSERT INTO Person_R2 VALUES ('15 Bugis View #18-02', '780715', 'Singapore', 'Singapore');
INSERT INTO Person_R2 VALUES ('47 Haig Crescent #19-15', '456447', 'Singapore', 'Singapore');
INSERT INTO Person_R2 VALUES ('23 Chestnut Avenue #17-19', '936023', 'Singapore', 'Singapore');
INSERT INTO Person_R2 VALUES ('49 Tampines Avenue #11-04', '328649', 'Singapore', 'Singapore');
INSERT INTO Person_R2 VALUES ('39 Pasir Ris Crescent #19-05', '838039', 'Singapore', 'Singapore');
INSERT INTO Person_R2 VALUES ('38 Bugis Avenue #12-05', '716738', 'Singapore', 'Singapore');
INSERT INTO Person_R2 VALUES ('33 Haig View #03-01', '439933', 'Singapore', 'Singapore');
INSERT INTO Person_R2 VALUES ('12 Chestnut Street #14-08', '926912', 'Singapore', 'Singapore');
INSERT INTO Person_R2 VALUES ('12 Tampines Avenue #12-14', '328112', 'Singapore', 'Singapore');
INSERT INTO Person_R2 VALUES ('37 Nanyang Avenue #01-08', '115537', 'Singapore', 'Singapore');
INSERT INTO Person_R2 VALUES ('19 Nanyang Street #11-16', '154419', 'Singapore', 'Singapore');
INSERT INTO Person_R2 VALUES ('36 Bedok Avenue #12-07', '814736', 'Singapore', 'Singapore');
INSERT INTO Person_R2 VALUES ('37 Bugis View #11-20', '738837', 'Singapore', 'Singapore');
INSERT INTO Person_R2 VALUES ('30 Haig Crescent #08-18', '442530', 'Singapore', 'Singapore');
INSERT INTO Person_R2 VALUES ('33 Bugis Avenue #02-17', '791033', 'Singapore', 'Singapore');
INSERT INTO Person_R2 VALUES ('11 Paya Lebar View #20-12', '565411', 'Singapore', 'Singapore');
INSERT INTO Person_R2 VALUES ('23 Paya Lebar Avenue #04-15', '593823', 'Singapore', 'Singapore');
INSERT INTO Person_R2 VALUES ('36 Nanyang Crescent #15-13', '126736', 'Singapore', 'Singapore');
INSERT INTO Person_R2 VALUES ('40 Chestnut View #12-09', '976840', 'Singapore', 'Singapore');
INSERT INTO Person_R2 VALUES ('32 Pasir Ris Street #20-12', '826532', 'Singapore', 'Singapore');
INSERT INTO Person_R2 VALUES ('24 Bukit Batok Street #04-10', '246824', 'Singapore', 'Singapore');
INSERT INTO Person_R2 VALUES ('17 Pasir Ris Street #19-14', '886117', 'Singapore', 'Singapore');
INSERT INTO Person_R2 VALUES ('39 Bugis Avenue #06-06', '735239', 'Singapore', 'Singapore');
INSERT INTO Person_R2 VALUES ('46 Haig Street #13-13', '471146', 'Singapore', 'Singapore');
INSERT INTO Person_R2 VALUES ('48 Ang Mo Kio Street #16-01', '613948', 'Singapore', 'Singapore');
INSERT INTO Person_R2 VALUES ('11 Chestnut Avenue #12-07', '977111', 'Singapore', 'Singapore');
INSERT INTO Person_R2 VALUES ('43 Chestnut Avenue #13-11', '975943', 'Singapore', 'Singapore');
INSERT INTO Person_R2 VALUES ('11 Pasir Ris Street #15-08', '848011', 'Singapore', 'Singapore');
INSERT INTO Person_R2 VALUES ('38 Bugis Crescent #09-13', '740938', 'Singapore', 'Singapore');
INSERT INTO Person_R2 VALUES ('18 Bedok Street #18-20', '833118', 'Singapore', 'Singapore');
INSERT INTO Person_R2 VALUES ('44 Pasir Ris Avenue #10-13', '859544', 'Singapore', 'Singapore');
INSERT INTO Person_R2 VALUES ('32 Paya Lebar Street #14-09', '595732', 'Singapore', 'Singapore');
INSERT INTO Person_R2 VALUES ('30 Nanyang Street #04-07', '158830', 'Singapore', 'Singapore');
INSERT INTO Person_R2 VALUES ('18 Nanyang Street #19-08', '144118', 'Singapore', 'Singapore');
INSERT INTO Person_R2 VALUES ('24 Ang Mo Kio View #02-09', '656524', 'Singapore', 'Singapore');
INSERT INTO Person_R2 VALUES ('13 Pasir Ris View #03-01', '890313', 'Singapore', 'Singapore');
INSERT INTO Person_R2 VALUES ('19 Chestnut Avenue #18-07', '913819', 'Singapore', 'Singapore');
INSERT INTO Person_R2 VALUES ('45 Chestnut Avenue #11-09', '919945', 'Singapore', 'Singapore');
INSERT INTO Person_R2 VALUES ('19 Bukit Batok View #04-20', '246519', 'Singapore', 'Singapore');
INSERT INTO Person_R2 VALUES ('37 Tampines Avenue #08-15', '396237', 'Singapore', 'Singapore');
INSERT INTO Person_R2 VALUES ('36 Pasir Ris Avenue #11-10', '855836', 'Singapore', 'Singapore');
INSERT INTO Person_R2 VALUES ('15 Haig View #08-01', '487215', 'Singapore', 'Singapore');
INSERT INTO Person_R2 VALUES ('34 Haig Street #16-07', '454134', 'Singapore', 'Singapore');
INSERT INTO Person_R2 VALUES ('27 Chestnut Crescent #06-05', '939327', 'Singapore', 'Singapore');
INSERT INTO Person_R2 VALUES ('16 Bedok Avenue #15-05', '873516', 'Singapore', 'Singapore');
INSERT INTO Person_R2 VALUES ('26 Ang Mo Kio View #04-13', '630526', 'Singapore', 'Singapore');
INSERT INTO Person_R2 VALUES ('34 Paya Lebar Street #17-14', '558634', 'Singapore', 'Singapore');
INSERT INTO Person_R2 VALUES ('15 Chestnut Avenue #20-04', '966815', 'Singapore', 'Singapore');
INSERT INTO Person_R2 VALUES ('23 Bedok View #20-20', '818923', 'Singapore', 'Singapore');
INSERT INTO Person_R2 VALUES ('46 Nanyang Crescent #06-18', '190246', 'Singapore', 'Singapore');
INSERT INTO Person_R2 VALUES ('42 Nanyang Crescent #01-17', '131042', 'Singapore', 'Singapore');
INSERT INTO Person_R2 VALUES ('11 Nanyang View #02-19', '142111', 'Singapore', 'Singapore');
INSERT INTO Person_R2 VALUES ('30 Chestnut View #12-18', '975830', 'Singapore', 'Singapore');
INSERT INTO Person_R2 VALUES ('50 Paya Lebar Street #16-02', '590550', 'Singapore', 'Singapore');
INSERT INTO Person_R2 VALUES ('38 Bedok Street #15-17', '893138', 'Singapore', 'Singapore');
INSERT INTO Person_R2 VALUES ('17 Haig Street #19-05', '494217', 'Singapore', 'Singapore');
INSERT INTO Person_R2 VALUES ('11 Bukit Batok Crescent #07-07', '269011', 'Singapore', 'Singapore');
INSERT INTO Person_R2 VALUES ('12 Chestnut View #17-19', '982912', 'Singapore', 'Singapore');
INSERT INTO Person_R2 VALUES ('30 Pasir Ris Street #07-08', '814230', 'Singapore', 'Singapore');
INSERT INTO Person_R2 VALUES ('25 Bugis Street #01-09', '750725', 'Singapore', 'Singapore');
INSERT INTO Person_R2 VALUES ('22 Chestnut Street #17-16', '959022', 'Singapore', 'Singapore');
INSERT INTO Person_R2 VALUES ('17 Chestnut Avenue #16-16', '953017', 'Singapore', 'Singapore');
INSERT INTO Person_R2 VALUES ('40 Chestnut Crescent #02-19', '961940', 'Singapore', 'Singapore');
INSERT INTO Person_R2 VALUES ('46 Paya Lebar Avenue #02-03', '562546', 'Singapore', 'Singapore');
INSERT INTO Person_R2 VALUES ('30 Bukit Batok Crescent #06-01', '226530', 'Singapore', 'Singapore');
INSERT INTO Person_R2 VALUES ('41 Pasir Ris Crescent #02-17', '848441', 'Singapore', 'Singapore');
INSERT INTO Person_R2 VALUES ('48 Paya Lebar Street #13-12', '561048', 'Singapore', 'Singapore');
INSERT INTO Person_R2 VALUES ('25 Bugis View #20-00', '713725', 'Singapore', 'Singapore');
INSERT INTO Person_R2 VALUES ('21 Ang Mo Kio Avenue #04-02', '691521', 'Singapore', 'Singapore');
INSERT INTO Person_R2 VALUES ('28 Bedok Crescent #09-15', '867628', 'Singapore', 'Singapore');
INSERT INTO Person_R2 VALUES ('38 Haig Crescent #02-14', '487938', 'Singapore', 'Singapore');
INSERT INTO Person_R2 VALUES ('43 Tampines Avenue #02-12', '385643', 'Singapore', 'Singapore');
INSERT INTO Person_R2 VALUES ('15 Bugis Street #15-00', '788915', 'Singapore', 'Singapore');
INSERT INTO Person_R2 VALUES ('11 Bedok View #12-15', '848811', 'Singapore', 'Singapore');
INSERT INTO Person_R2 VALUES ('37 Paya Lebar Crescent #09-10', '562337', 'Singapore', 'Singapore');
INSERT INTO Person_R2 VALUES ('35 Bukit Batok Street #18-20', '238435', 'Singapore', 'Singapore');
INSERT INTO Person_R2 VALUES ('24 Tampines Crescent #09-06', '340924', 'Singapore', 'Singapore');
INSERT INTO Person_R2 VALUES ('38 Bedok View #11-01', '871938', 'Singapore', 'Singapore');
INSERT INTO Person_R2 VALUES ('16 Ang Mo Kio Avenue #10-19', '643216', 'Singapore', 'Singapore');
INSERT INTO Person_R2 VALUES ('23 Ang Mo Kio Street #20-18', '631223', 'Singapore', 'Singapore');
INSERT INTO Person_R2 VALUES ('38 Haig View #07-20', '488338', 'Singapore', 'Singapore');
INSERT INTO Person_R2 VALUES ('28 Haig Avenue #06-12', '461628', 'Singapore', 'Singapore');
INSERT INTO Person_R2 VALUES ('48 Bedok Crescent #11-03', '871948', 'Singapore', 'Singapore');
INSERT INTO Person_R2 VALUES ('34 Bukit Batok View #14-11', '229234', 'Singapore', 'Singapore');
INSERT INTO Person_R2 VALUES ('50 Ang Mo Kio View #10-19', '622250', 'Singapore', 'Singapore');
INSERT INTO Person_R2 VALUES ('34 Paya Lebar View #15-20', '512834', 'Singapore', 'Singapore');
INSERT INTO Person_R2 VALUES ('14 Paya Lebar Street #20-05', '598814', 'Singapore', 'Singapore');
INSERT INTO Person_R2 VALUES ('48 Bedok View #20-13', '838548', 'Singapore', 'Singapore');
INSERT INTO Person_R2 VALUES ('14 Nanyang Crescent #12-10', '195314', 'Singapore', 'Singapore');
INSERT INTO Person_R2 VALUES ('20 Bukit Batok Crescent #04-11', '253520', 'Singapore', 'Singapore');
INSERT INTO Person_R2 VALUES ('39 Pasir Ris Avenue #12-17', '889339', 'Singapore', 'Singapore');
INSERT INTO Person_R2 VALUES ('22 Chestnut Avenue #08-15', '954022', 'Singapore', 'Singapore');
INSERT INTO Person_R2 VALUES ('13 Bedok Street #17-14', '880913', 'Singapore', 'Singapore');
INSERT INTO Person_R2 VALUES ('38 Paya Lebar Street #14-17', '513338', 'Singapore', 'Singapore');
INSERT INTO Person_R2 VALUES ('37 Bukit Batok Avenue #03-12', '233637', 'Singapore', 'Singapore');
INSERT INTO Person_R2 VALUES ('44 Nanyang View #01-10', '194444', 'Singapore', 'Singapore');
INSERT INTO Person_R2 VALUES ('16 Bukit Batok View #07-07', '223116', 'Singapore', 'Singapore');
INSERT INTO Person_R2 VALUES ('27 Bedok Avenue #03-12', '845327', 'Singapore', 'Singapore');
INSERT INTO Person_R2 VALUES ('17 Paya Lebar Crescent #06-03', '576317', 'Singapore', 'Singapore');
INSERT INTO Person_R2 VALUES ('33 Paya Lebar Street #08-01', '523733', 'Singapore', 'Singapore');
INSERT INTO Person_R2 VALUES ('44 Nanyang View #10-10', '193644', 'Singapore', 'Singapore');
INSERT INTO Person_R2 VALUES ('11 Chestnut Street #02-04', '965911', 'Singapore', 'Singapore');
INSERT INTO Person_R2 VALUES ('18 Haig Crescent #07-20', '458818', 'Singapore', 'Singapore');
INSERT INTO Person_R2 VALUES ('42 Paya Lebar View #12-13', '575342', 'Singapore', 'Singapore');
INSERT INTO Person_R2 VALUES ('22 Tampines Street #19-13', '321822', 'Singapore', 'Singapore');
INSERT INTO Person_R2 VALUES ('32 Pasir Ris Street #11-12', '833232', 'Singapore', 'Singapore');
INSERT INTO Person_R2 VALUES ('16 Chestnut Street #02-08', '927016', 'Singapore', 'Singapore');
INSERT INTO Person_R2 VALUES ('45 Bukit Batok Street #20-16', '284545', 'Singapore', 'Singapore');
INSERT INTO Person_R2 VALUES ('26 Bugis Street #18-02', '753226', 'Singapore', 'Singapore');
INSERT INTO Person_R2 VALUES ('32 Ang Mo Kio Crescent #09-17', '619632', 'Singapore', 'Singapore');
INSERT INTO Person_R2 VALUES ('31 Ang Mo Kio Crescent #09-20', '691431', 'Singapore', 'Singapore');
INSERT INTO Person_R2 VALUES ('44 Paya Lebar Crescent #01-18', '580244', 'Singapore', 'Singapore');
INSERT INTO Person_R2 VALUES ('27 Paya Lebar Street #05-06', '549727', 'Singapore', 'Singapore');
INSERT INTO Person_R2 VALUES ('24 Bedok Crescent #12-09', '876424', 'Singapore', 'Singapore');
INSERT INTO Person_R2 VALUES ('42 Chestnut Avenue #03-17', '915442', 'Singapore', 'Singapore');
INSERT INTO Person_R2 VALUES ('50 Pasir Ris View #12-05', '894550', 'Singapore', 'Singapore');
INSERT INTO Person_R2 VALUES ('17 Tampines Crescent #06-04', '397517', 'Singapore', 'Singapore');
INSERT INTO Person_R2 VALUES ('40 Pasir Ris View #02-12', '820340', 'Singapore', 'Singapore');
INSERT INTO Person_R2 VALUES ('25 Bukit Batok View #05-13', '246125', 'Singapore', 'Singapore');
INSERT INTO Person_R2 VALUES ('30 Tampines View #18-15', '372930', 'Singapore', 'Singapore');
INSERT INTO Person_R2 VALUES ('13 Paya Lebar Street #04-20', '556713', 'Singapore', 'Singapore');
INSERT INTO Person_R2 VALUES ('19 Bugis Crescent #07-14', '717119', 'Singapore', 'Singapore');
INSERT INTO Person_R2 VALUES ('41 Haig Crescent #11-10', '459941', 'Singapore', 'Singapore');

INSERT INTO Person_R1 VALUES ('S9733127X', 'Sierra Song', 'School of Computer Science and Engineering', '26 Nanyang Crescent #16-12', '90983005', 'SIERR613@e.ntu.edu.sg');
INSERT INTO Person_R1 VALUES ('S9695846S', 'Allene Langston', 'School of Computer Science and Engineering', '12 Bukit Batok View #14-11', '82418710', 'ALLEN015@e.ntu.edu.sg');
INSERT INTO Person_R1 VALUES ('S9917559D', 'Margaret Blessing', 'School of Computer Science and Engineering', '45 Bukit Batok Crescent #01-14', '96721106', 'MARGA347@e.ntu.edu.sg');
INSERT INTO Person_R1 VALUES ('S9722588R', 'Isa Mora', 'School of Computer Science and Engineering', '32 Nanyang Avenue #18-04', '89005553', 'ISAM971@e.ntu.edu.sg');
INSERT INTO Person_R1 VALUES ('S9831152C', 'Corinna Barrington', 'School of Computer Science and Engineering', '42 Tampines Street #15-03', '93199133', 'CORIN677@e.ntu.edu.sg');
INSERT INTO Person_R1 VALUES ('S9850619F', 'Malcolm Aquilino', 'School of Computer Science and Engineering', '20 Haig Crescent #10-18', '83858581', 'MALCO162@e.ntu.edu.sg');
INSERT INTO Person_R1 VALUES ('S9756352I', 'Mina Canon', 'School of Computer Science and Engineering', '43 Bukit Batok Street #11-12', '81263650', 'MINA067@e.ntu.edu.sg');
INSERT INTO Person_R1 VALUES ('S9619775Q', 'Na Kowalewski', 'School of Computer Science and Engineering', '50 Paya Lebar View #19-18', '90792501', 'NAKO588@e.ntu.edu.sg');
INSERT INTO Person_R1 VALUES ('S9929822J', 'Hyun Bouton', 'School of Computer Science and Engineering', '31 Bukit Batok Street #17-07', '88205677', 'HYUN591@e.ntu.edu.sg');
INSERT INTO Person_R1 VALUES ('S9629414M', 'Hildegarde Brumbelow', 'School of Computer Science and Engineering', '17 Ang Mo Kio View #14-14', '91679309', 'HILDE537@e.ntu.edu.sg');
INSERT INTO Person_R1 VALUES ('S9677981C', 'Iva Tippens', 'School of Computer Science and Engineering', '30 Paya Lebar Street #01-11', '83455347', 'IVAT528@e.ntu.edu.sg');
INSERT INTO Person_R1 VALUES ('S9722475Y', 'Ginger Branum', 'School of Computer Science and Engineering', '18 Bukit Batok View #09-04', '99128096', 'GINGE229@e.ntu.edu.sg');
INSERT INTO Person_R1 VALUES ('S9851774K', 'Britany Burrill', 'School of Computer Science and Engineering', '13 Bugis Avenue #17-01', '90717244', 'BRITA479@e.ntu.edu.sg');
INSERT INTO Person_R1 VALUES ('S9736207Q', 'Shanice Twiford', 'School of Computer Science and Engineering', '25 Bedok Street #18-05', '85375946', 'SHANI051@e.ntu.edu.sg');
INSERT INTO Person_R1 VALUES ('S9614412D', 'Ying Mani', 'School of Computer Science and Engineering', '33 Pasir Ris Avenue #09-17', '84187914', 'YING324@e.ntu.edu.sg');
INSERT INTO Person_R1 VALUES ('S9767779R', 'Ernesto Bobadilla', 'School of Computer Science and Engineering', '26 Tampines Crescent #02-18', '92760723', 'ERNES942@e.ntu.edu.sg');
INSERT INTO Person_R1 VALUES ('S9820365J', 'Clarice Stecklein', 'School of Computer Science and Engineering', '21 Bukit Batok Street #02-11', '83441501', 'CLARI478@e.ntu.edu.sg');
INSERT INTO Person_R1 VALUES ('S9870261F', 'Vonnie Bakke', 'School of Computer Science and Engineering', '27 Nanyang Avenue #09-15', '80773844', 'VONNI966@e.ntu.edu.sg');
INSERT INTO Person_R1 VALUES ('S9772710P', 'Nicky Hartz', 'School of Computer Science and Engineering', '44 Bedok Crescent #05-03', '85552120', 'NICKY148@e.ntu.edu.sg');
INSERT INTO Person_R1 VALUES ('S9946019G', 'Laila Book', 'School of Computer Science and Engineering', '27 Bedok Crescent #17-19', '98811585', 'LAILA887@e.ntu.edu.sg');
INSERT INTO Person_R1 VALUES ('S9652691I', 'Vincent Lindell', 'School of Computer Science and Engineering', '29 Tampines View #16-04', '91870680', 'VINCE755@e.ntu.edu.sg');
INSERT INTO Person_R1 VALUES ('S9691398S', 'Trent Feltz', 'School of Computer Science and Engineering', '27 Bedok Avenue #13-15', '84374270', 'TRENT001@e.ntu.edu.sg');
INSERT INTO Person_R1 VALUES ('S9893799S', 'Cary Sabatino', 'School of Computer Science and Engineering', '24 Pasir Ris View #14-11', '90323299', 'CARY778@e.ntu.edu.sg');
INSERT INTO Person_R1 VALUES ('S9949768H', 'Rosalind Wedge', 'School of Computer Science and Engineering', '14 Bugis Avenue #12-13', '93904349', 'ROSAL043@e.ntu.edu.sg');
INSERT INTO Person_R1 VALUES ('S9622512G', 'Micah Deavers', 'School of Computer Science and Engineering', '40 Ang Mo Kio Crescent #07-00', '95225721', 'MICAH532@e.ntu.edu.sg');
INSERT INTO Person_R1 VALUES ('S9759216H', 'Caren Givan', 'School of Computer Science and Engineering', '36 Haig Crescent #13-20', '84068225', 'CAREN820@e.ntu.edu.sg');
INSERT INTO Person_R1 VALUES ('S9651893P', 'Nadine Wallen', 'School of Computer Science and Engineering', '18 Bedok Avenue #01-00', '88925164', 'NADIN911@e.ntu.edu.sg');
INSERT INTO Person_R1 VALUES ('S9797872B', 'Agustin Grasty', 'School of Computer Science and Engineering', '50 Bedok Crescent #12-11', '87261958', 'AGUST806@e.ntu.edu.sg');
INSERT INTO Person_R1 VALUES ('S9963519E', 'Lila Fey', 'School of Computer Science and Engineering', '15 Chestnut Avenue #15-09', '85367493', 'LILA807@e.ntu.edu.sg');
INSERT INTO Person_R1 VALUES ('S9677057V', 'Daisey Haugen', 'School of Computer Science and Engineering', '25 Tampines Crescent #07-15', '82662058', 'DAISE381@e.ntu.edu.sg');
INSERT INTO Person_R1 VALUES ('S9683984N', 'Fumiko Yost', 'School of Computer Science and Engineering', '24 Bugis View #14-20', '98486378', 'FUMIK142@e.ntu.edu.sg');
INSERT INTO Person_R1 VALUES ('S9899788Y', 'Vonda Onstad', 'School of Computer Science and Engineering', '35 Paya Lebar Street #19-12', '89600395', 'VONDA379@e.ntu.edu.sg');
INSERT INTO Person_R1 VALUES ('S9657712Y', 'Neely Jolicoeur', 'School of Physical and Mathematical Sciences', '30 Haig Crescent #02-10', '94104347', 'NEELY441@e.ntu.edu.sg');
INSERT INTO Person_R1 VALUES ('S9684849K', 'Lahoma Vizcaino', 'School of Physical and Mathematical Sciences', '28 Haig View #01-07', '87491339', 'LAHOM920@e.ntu.edu.sg');
INSERT INTO Person_R1 VALUES ('S9693627R', 'Raelene Russaw', 'School of Physical and Mathematical Sciences', '40 Paya Lebar View #17-18', '82374978', 'RAELE128@e.ntu.edu.sg');
INSERT INTO Person_R1 VALUES ('S9660049B', 'Sabina Newlin', 'School of Physical and Mathematical Sciences', '42 Bukit Batok Street #13-15', '82593343', 'SABIN051@e.ntu.edu.sg');
INSERT INTO Person_R1 VALUES ('S9739121Z', 'Tera Magar', 'School of Physical and Mathematical Sciences', '39 Tampines Street #03-19', '88270338', 'TERA877@e.ntu.edu.sg');
INSERT INTO Person_R1 VALUES ('S9696281M', 'Verdell Ifill', 'School of Physical and Mathematical Sciences', '33 Chestnut Crescent #13-17', '89911715', 'VERDE969@e.ntu.edu.sg');
INSERT INTO Person_R1 VALUES ('S9770160P', 'Margo Benefield', 'School of Physical and Mathematical Sciences', '11 Tampines Crescent #11-19', '93988635', 'MARGO230@e.ntu.edu.sg');
INSERT INTO Person_R1 VALUES ('S9626262S', 'Violeta Bradly', 'School of Physical and Mathematical Sciences', '20 Chestnut Street #03-11', '89956719', 'VIOLE063@e.ntu.edu.sg');
INSERT INTO Person_R1 VALUES ('S9778004A', 'Melissa Marx', 'School of Physical and Mathematical Sciences', '38 Chestnut View #06-11', '81445909', 'MELIS416@e.ntu.edu.sg');
INSERT INTO Person_R1 VALUES ('S9690567B', 'Fransisca Gerdes', 'School of Physical and Mathematical Sciences', '30 Bukit Batok View #13-19', '94585873', 'FRANS453@e.ntu.edu.sg');
INSERT INTO Person_R1 VALUES ('S9658098C', 'Mohammad Coffer', 'School of Physical and Mathematical Sciences', '39 Nanyang Avenue #05-17', '90105760', 'MOHAM543@e.ntu.edu.sg');
INSERT INTO Person_R1 VALUES ('S9727073Y', 'Rolande Dake', 'School of Physical and Mathematical Sciences', '41 Bedok View #20-07', '92404621', 'ROLAN237@e.ntu.edu.sg');
INSERT INTO Person_R1 VALUES ('S9645973W', 'Tammera Kapp', 'School of Physical and Mathematical Sciences', '49 Ang Mo Kio Crescent #17-00', '97090332', 'TAMME353@e.ntu.edu.sg');
INSERT INTO Person_R1 VALUES ('S9844000X', 'Tonia Sim', 'School of Physical and Mathematical Sciences', '47 Chestnut View #19-16', '85686038', 'TONIA334@e.ntu.edu.sg');
INSERT INTO Person_R1 VALUES ('S9920635S', 'Glendora Greenblatt', 'School of Physical and Mathematical Sciences', '43 Bukit Batok Street #15-18', '98042494', 'GLEND493@e.ntu.edu.sg');
INSERT INTO Person_R1 VALUES ('S9975572K', 'Gregg Vandine', 'School of Physical and Mathematical Sciences', '16 Chestnut Crescent #15-12', '91316026', 'GREGG701@e.ntu.edu.sg');
INSERT INTO Person_R1 VALUES ('S9945398G', 'Flo Bopp', 'School of Physical and Mathematical Sciences', '49 Nanyang Avenue #19-10', '83691784', 'FLOB762@e.ntu.edu.sg');
INSERT INTO Person_R1 VALUES ('S9860529S', 'Kathern Highfield', 'School of Physical and Mathematical Sciences', '33 Paya Lebar Avenue #05-15', '98231445', 'KATHE024@e.ntu.edu.sg');
INSERT INTO Person_R1 VALUES ('S9830478U', 'Clarine Trejo', 'School of Physical and Mathematical Sciences', '47 Haig View #16-09', '89825848', 'CLARI119@e.ntu.edu.sg');
INSERT INTO Person_R1 VALUES ('S9666826Y', 'Bernard Frisch', 'School of Physical and Mathematical Sciences', '28 Ang Mo Kio Avenue #04-16', '87886935', 'BERNA400@e.ntu.edu.sg');
INSERT INTO Person_R1 VALUES ('S9844485R', 'Palmira Bavaro', 'School of Physical and Mathematical Sciences', '33 Haig View #07-15', '99704764', 'PALMI068@e.ntu.edu.sg');
INSERT INTO Person_R1 VALUES ('S9628927W', 'Kaleigh Bjerke', 'School of Physical and Mathematical Sciences', '46 Bukit Batok Crescent #14-06', '96427620', 'KALEI326@e.ntu.edu.sg');
INSERT INTO Person_R1 VALUES ('S9990896A', 'Hobert Banks', 'School of Physical and Mathematical Sciences', '48 Paya Lebar View #09-05', '99382251', 'HOBER070@e.ntu.edu.sg');
INSERT INTO Person_R1 VALUES ('S9877147E', 'Jeffrey Warring', 'School of Physical and Mathematical Sciences', '21 Bedok Crescent #01-17', '99457791', 'JEFFR897@e.ntu.edu.sg');
INSERT INTO Person_R1 VALUES ('S9611886G', 'Darline Goss', 'School of Physical and Mathematical Sciences', '11 Bukit Batok Avenue #19-15', '95857204', 'DARLI677@e.ntu.edu.sg');
INSERT INTO Person_R1 VALUES ('S9955598U', 'Maryjo Blackston', 'School of Physical and Mathematical Sciences', '15 Paya Lebar View #13-04', '86583241', 'MARYJ787@e.ntu.edu.sg');
INSERT INTO Person_R1 VALUES ('S9711763A', 'Gale Westerberg', 'School of Physical and Mathematical Sciences', '40 Nanyang Avenue #06-18', '82168490', 'GALE431@e.ntu.edu.sg');
INSERT INTO Person_R1 VALUES ('S9867774H', 'Lakita Schunk', 'School of Physical and Mathematical Sciences', '14 Paya Lebar View #16-06', '92588757', 'LAKIT214@e.ntu.edu.sg');
INSERT INTO Person_R1 VALUES ('S9781468O', 'Lekisha Knuth', 'School of Physical and Mathematical Sciences', '42 Tampines Street #14-12', '97747320', 'LEKIS376@e.ntu.edu.sg');
INSERT INTO Person_R1 VALUES ('S9672299W', 'Alane Tollison', 'School of Physical and Mathematical Sciences', '44 Bukit Batok View #17-14', '98956589', 'ALANE692@e.ntu.edu.sg');
INSERT INTO Person_R1 VALUES ('S9897266S', 'Keira Desjardin', 'School of Physical and Mathematical Sciences', '36 Pasir Ris View #06-04', '83441484', 'KEIRA044@e.ntu.edu.sg');
INSERT INTO Person_R1 VALUES ('S9743479F', 'Vickey Lanasa', 'School of Physical and Mathematical Sciences', '37 Bukit Batok Street #11-00', '81320968', 'VICKE693@e.ntu.edu.sg');
INSERT INTO Person_R1 VALUES ('S9720826Z', 'Fiona Hon', 'School of Physical and Mathematical Sciences', '36 Tampines Crescent #10-18', '96067356', 'FIONA266@e.ntu.edu.sg');
INSERT INTO Person_R1 VALUES ('S9639826W', 'Elana Bull', 'School of Physical and Mathematical Sciences', '38 Pasir Ris Crescent #04-00', '91618377', 'ELANA624@e.ntu.edu.sg');
INSERT INTO Person_R1 VALUES ('S9637726Z', 'Sterling Kamer', 'Nanyang Business School', '49 Bugis Avenue #10-02', '81023057', 'STERL999@e.ntu.edu.sg');
INSERT INTO Person_R1 VALUES ('S9930318Z', 'Shayne Sedgwick', 'Nanyang Business School', '41 Tampines Street #08-04', '98631171', 'SHAYN483@e.ntu.edu.sg');
INSERT INTO Person_R1 VALUES ('S9817088U', 'Dalila Snedden', 'Nanyang Business School', '41 Haig Street #07-05', '85866836', 'DALIL196@e.ntu.edu.sg');
INSERT INTO Person_R1 VALUES ('S9828865E', 'Brooks Despres', 'Nanyang Business School', '31 Bedok Avenue #17-17', '98078440', 'BROOK554@e.ntu.edu.sg');
INSERT INTO Person_R1 VALUES ('S9963538Q', 'Lakeesha Mcarthur', 'Nanyang Business School', '19 Pasir Ris Street #03-06', '83338012', 'LAKEE784@e.ntu.edu.sg');
INSERT INTO Person_R1 VALUES ('S9915654K', 'Cheryle Foote', 'Nanyang Business School', '43 Haig Street #06-15', '82309870', 'CHERY357@e.ntu.edu.sg');
INSERT INTO Person_R1 VALUES ('S9786239J', 'Noe Whitely', 'Nanyang Business School', '29 Pasir Ris Street #15-02', '86537026', 'NOEW825@e.ntu.edu.sg');
INSERT INTO Person_R1 VALUES ('S9750630U', 'Mack Dinwiddie', 'Nanyang Business School', '39 Nanyang Avenue #08-06', '80203102', 'MACK308@e.ntu.edu.sg');
INSERT INTO Person_R1 VALUES ('S9945680P', 'Rozanne Starr', 'Nanyang Business School', '30 Tampines Avenue #08-17', '97594948', 'ROZAN053@e.ntu.edu.sg');
INSERT INTO Person_R1 VALUES ('S9682691N', 'Katlyn Coache', 'Nanyang Business School', '33 Bugis Street #14-04', '85223171', 'KATLY752@e.ntu.edu.sg');
INSERT INTO Person_R1 VALUES ('S9867108D', 'Branda Nakamura', 'Nanyang Business School', '20 Bugis Avenue #02-11', '98966419', 'BRAND052@e.ntu.edu.sg');
INSERT INTO Person_R1 VALUES ('S9726844G', 'Coral Emberton', 'Nanyang Business School', '15 Bugis View #18-02', '96561256', 'CORAL909@e.ntu.edu.sg');
INSERT INTO Person_R1 VALUES ('S9628046W', 'Glynis Dumont', 'Nanyang Business School', '47 Haig Crescent #19-15', '86048427', 'GLYNI678@e.ntu.edu.sg');
INSERT INTO Person_R1 VALUES ('S9719396U', 'Genny Mckeon', 'Nanyang Business School', '23 Chestnut Avenue #17-19', '83688420', 'GENNY207@e.ntu.edu.sg');
INSERT INTO Person_R1 VALUES ('S9796567Y', 'Sharyl Cutsforth', 'Nanyang Business School', '49 Tampines Avenue #11-04', '93908276', 'SHARY243@e.ntu.edu.sg');
INSERT INTO Person_R1 VALUES ('S9775721E', 'Hwa Diana', 'Nanyang Business School', '39 Pasir Ris Crescent #19-05', '89539261', 'HWAD403@e.ntu.edu.sg');
INSERT INTO Person_R1 VALUES ('S9770748L', 'Regine Obrien', 'Nanyang Business School', '38 Bugis Avenue #12-05', '87292480', 'REGIN312@e.ntu.edu.sg');
INSERT INTO Person_R1 VALUES ('S9731179S', 'Loris Trumbo', 'Nanyang Business School', '33 Haig View #03-01', '85075372', 'LORIS964@e.ntu.edu.sg');
INSERT INTO Person_R1 VALUES ('S9883595K', 'Romana Tardif', 'Nanyang Business School', '12 Chestnut Street #14-08', '96064653', 'ROMAN624@e.ntu.edu.sg');
INSERT INTO Person_R1 VALUES ('S9881948R', 'Shaquita Fury', 'Nanyang Business School', '12 Tampines Avenue #12-14', '81355617', 'SHAQU266@e.ntu.edu.sg');
INSERT INTO Person_R1 VALUES ('S9878146A', 'Rubye Fray', 'Nanyang Business School', '37 Nanyang Avenue #01-08', '98439015', 'RUBYE192@e.ntu.edu.sg');
INSERT INTO Person_R1 VALUES ('S9925377M', 'Vita Carrizales', 'Nanyang Business School', '19 Nanyang Street #11-16', '98665289', 'VITA210@e.ntu.edu.sg');
INSERT INTO Person_R1 VALUES ('S9662439O', 'Shawanda Oestreich', 'Nanyang Business School', '36 Bedok Avenue #12-07', '96036368', 'SHAWA076@e.ntu.edu.sg');
INSERT INTO Person_R1 VALUES ('S9754303V', 'Willa Stracener', 'Nanyang Business School', '37 Bugis View #11-20', '92286509', 'WILLA995@e.ntu.edu.sg');
INSERT INTO Person_R1 VALUES ('S9856731Y', 'Jeremiah Baines', 'Nanyang Business School', '30 Haig Crescent #08-18', '86082578', 'JEREM389@e.ntu.edu.sg');
INSERT INTO Person_R1 VALUES ('S9685423A', 'Elaine Mcfalls', 'Nanyang Business School', '33 Bugis Avenue #02-17', '82744720', 'ELAIN568@e.ntu.edu.sg');
INSERT INTO Person_R1 VALUES ('S9651245B', 'Damian Rider', 'Nanyang Business School', '11 Paya Lebar View #20-12', '91860817', 'DAMIA511@e.ntu.edu.sg');
INSERT INTO Person_R1 VALUES ('S9954632A', 'Rena Comes', 'Nanyang Business School', '23 Paya Lebar Avenue #04-15', '93901710', 'RENA840@e.ntu.edu.sg');
INSERT INTO Person_R1 VALUES ('S9664494X', 'Wendy Moser', 'Nanyang Business School', '36 Nanyang Crescent #15-13', '90134798', 'WENDY016@e.ntu.edu.sg');
INSERT INTO Person_R1 VALUES ('S9852702M', 'Cory Labrie', 'Nanyang Business School', '40 Chestnut View #12-09', '86228411', 'CORY962@e.ntu.edu.sg');
INSERT INTO Person_R1 VALUES ('S9830620D', 'Kaley Wadkins', 'Nanyang Business School', '32 Pasir Ris Street #20-12', '92733418', 'KALEY083@e.ntu.edu.sg');
INSERT INTO Person_R1 VALUES ('S9641754F', 'China Mawson', 'Nanyang Business School', '24 Bukit Batok Street #04-10', '87477390', 'CHINA154@e.ntu.edu.sg');
INSERT INTO Person_R1 VALUES ('S9626637W', 'Juliann Hilt', 'Nanyang Business School', '17 Pasir Ris Street #19-14', '80633713', 'JULIA367@e.ntu.edu.sg');
INSERT INTO Person_R1 VALUES ('S8468939S', 'Efrain Spurrier', 'School of Computer Science and Engineering', '39 Bugis Avenue #06-06', '94182219', 'EFRAI061@e.ntu.edu.sg');
INSERT INTO Person_R1 VALUES ('S7690922X', 'Fabian Deardorff', 'School of Computer Science and Engineering', '46 Haig Street #13-13', '92892896', 'FABIA399@e.ntu.edu.sg');
INSERT INTO Person_R1 VALUES ('S8972332B', 'Hubert Borelli', 'School of Computer Science and Engineering', '48 Ang Mo Kio Street #16-01', '83969389', 'HUBER208@e.ntu.edu.sg');
INSERT INTO Person_R1 VALUES ('S8744898T', 'Moses Lipton', 'School of Computer Science and Engineering', '11 Chestnut Avenue #12-07', '80267431', 'MOSES906@e.ntu.edu.sg');
INSERT INTO Person_R1 VALUES ('S6547447J', 'Chadwick Hadfield', 'School of Computer Science and Engineering', '43 Chestnut Avenue #13-11', '99845407', 'CHADW892@e.ntu.edu.sg');
INSERT INTO Person_R1 VALUES ('S7547074F', 'Rufus Grote', 'School of Computer Science and Engineering', '11 Pasir Ris Street #15-08', '92290155', 'RUFUS881@e.ntu.edu.sg');
INSERT INTO Person_R1 VALUES ('S7087203A', 'Bertram Srour', 'School of Computer Science and Engineering', '38 Bugis Crescent #09-13', '99359211', 'BERTR944@e.ntu.edu.sg');
INSERT INTO Person_R1 VALUES ('S6346342Q', 'Sherman Halvorson', 'School of Computer Science and Engineering', '18 Bedok Street #18-20', '88318941', 'SHERM199@e.ntu.edu.sg');
INSERT INTO Person_R1 VALUES ('S6155367M', 'Garfield Whitcher', 'School of Computer Science and Engineering', '44 Pasir Ris Avenue #10-13', '86500254', 'GARFI275@e.ntu.edu.sg');
INSERT INTO Person_R1 VALUES ('S8014273K', 'Harry Lukasiewicz', 'School of Computer Science and Engineering', '32 Paya Lebar Street #14-09', '93473268', 'HARRY740@e.ntu.edu.sg');
INSERT INTO Person_R1 VALUES ('S7213861V', 'Reggie Leitner', 'School of Computer Science and Engineering', '30 Nanyang Street #04-07', '82589362', 'REGGI454@e.ntu.edu.sg');
INSERT INTO Person_R1 VALUES ('S7662038Y', 'Delmer Wiltse', 'School of Computer Science and Engineering', '18 Nanyang Street #19-08', '87351608', 'DELME262@e.ntu.edu.sg');
INSERT INTO Person_R1 VALUES ('S8032187I', 'Dana Lopinto', 'School of Computer Science and Engineering', '24 Ang Mo Kio View #02-09', '95745103', 'DANA054@e.ntu.edu.sg');
INSERT INTO Person_R1 VALUES ('S6033601G', 'Ken Brucker', 'School of Computer Science and Engineering', '13 Pasir Ris View #03-01', '94982240', 'KENB217@e.ntu.edu.sg');
INSERT INTO Person_R1 VALUES ('S9052022T', 'Rafael Varela', 'School of Computer Science and Engineering', '19 Chestnut Avenue #18-07', '90907845', 'RAFAE388@e.ntu.edu.sg');
INSERT INTO Person_R1 VALUES ('S7340826O', 'Lenny Dolce', 'School of Computer Science and Engineering', '45 Chestnut Avenue #11-09', '94923318', 'LENNY384@e.ntu.edu.sg');
INSERT INTO Person_R1 VALUES ('S7071758C', 'Reid Giraud', 'School of Computer Science and Engineering', '19 Bukit Batok View #04-20', '84576783', 'REID965@e.ntu.edu.sg');
INSERT INTO Person_R1 VALUES ('S6587237S', 'Scottie Mikels', 'School of Physical and Mathematical Sciences', '37 Tampines Avenue #08-15', '96308576', 'SCOTT932@e.ntu.edu.sg');
INSERT INTO Person_R1 VALUES ('S7375473S', 'Wilbur Faulks', 'School of Physical and Mathematical Sciences', '36 Pasir Ris Avenue #11-10', '97220376', 'WILBU515@e.ntu.edu.sg');
INSERT INTO Person_R1 VALUES ('S7825933P', 'Stacey Uzzle', 'School of Physical and Mathematical Sciences', '15 Haig View #08-01', '84691124', 'STACE513@e.ntu.edu.sg');
INSERT INTO Person_R1 VALUES ('S7425165R', 'Earle Hasler', 'School of Physical and Mathematical Sciences', '34 Haig Street #16-07', '86589684', 'EARLE918@e.ntu.edu.sg');
INSERT INTO Person_R1 VALUES ('S8333952M', 'Nick Davalos', 'School of Physical and Mathematical Sciences', '27 Chestnut Crescent #06-05', '81010120', 'NICK267@e.ntu.edu.sg');
INSERT INTO Person_R1 VALUES ('S7326139L', 'James Molander', 'School of Physical and Mathematical Sciences', '16 Bedok Avenue #15-05', '98409049', 'JAMES716@e.ntu.edu.sg');
INSERT INTO Person_R1 VALUES ('S8568828S', 'Monroe Burkey', 'School of Physical and Mathematical Sciences', '26 Ang Mo Kio View #04-13', '81280057', 'MONRO594@e.ntu.edu.sg');
INSERT INTO Person_R1 VALUES ('S8858395X', 'Deshawn Mceachin', 'School of Physical and Mathematical Sciences', '34 Paya Lebar Street #17-14', '86622831', 'DESHA289@e.ntu.edu.sg');
INSERT INTO Person_R1 VALUES ('S6475373S', 'Dallas Esquivel', 'School of Physical and Mathematical Sciences', '15 Chestnut Avenue #20-04', '90547761', 'DALLA887@e.ntu.edu.sg');
INSERT INTO Person_R1 VALUES ('S6919101E', 'Frank Ennis', 'School of Physical and Mathematical Sciences', '23 Bedok View #20-20', '96806517', 'FRANK532@e.ntu.edu.sg');
INSERT INTO Person_R1 VALUES ('S6330488Q', 'Erik Auman', 'School of Physical and Mathematical Sciences', '46 Nanyang Crescent #06-18', '88054208', 'ERIK106@e.ntu.edu.sg');
INSERT INTO Person_R1 VALUES ('S6043853R', 'Manual Fermin', 'School of Physical and Mathematical Sciences', '42 Nanyang Crescent #01-17', '81658473', 'MANUA429@e.ntu.edu.sg');
INSERT INTO Person_R1 VALUES ('S6968369P', 'Leonard Monica', 'School of Physical and Mathematical Sciences', '11 Nanyang View #02-19', '85696420', 'LEONA006@e.ntu.edu.sg');
INSERT INTO Person_R1 VALUES ('S7756343K', 'Gino Alexandria', 'School of Physical and Mathematical Sciences', '30 Chestnut View #12-18', '81245394', 'GINO591@e.ntu.edu.sg');
INSERT INTO Person_R1 VALUES ('S6431984V', 'Edgar Heesch', 'School of Physical and Mathematical Sciences', '50 Paya Lebar Street #16-02', '82799417', 'EDGAR286@e.ntu.edu.sg');
INSERT INTO Person_R1 VALUES ('S8681069Z', 'Percy Mcleroy', 'Nanyang Business School', '38 Bedok Street #15-17', '96575433', 'PERCY384@e.ntu.edu.sg');
INSERT INTO Person_R1 VALUES ('S8623658P', 'Seth Dickinson', 'Nanyang Business School', '17 Haig Street #19-05', '99192974', 'SETH104@e.ntu.edu.sg');
INSERT INTO Person_R1 VALUES ('S8443404U', 'Luis Boatwright', 'Nanyang Business School', '11 Bukit Batok Crescent #07-07', '83197553', 'LUIS950@e.ntu.edu.sg');
INSERT INTO Person_R1 VALUES ('S6726612O', 'Brady Arechiga', 'Nanyang Business School', '12 Chestnut View #17-19', '99409322', 'BRADY640@e.ntu.edu.sg');
INSERT INTO Person_R1 VALUES ('S8713017P', 'Vincent Shellenbarger', 'Nanyang Business School', '30 Pasir Ris Street #07-08', '82788939', 'VINCE137@e.ntu.edu.sg');
INSERT INTO Person_R1 VALUES ('S8435941Y', 'Nathanael Berberich', 'Nanyang Business School', '25 Bugis Street #01-09', '91409979', 'NATHA866@e.ntu.edu.sg');
INSERT INTO Person_R1 VALUES ('S6793515E', 'Carmelo Saechao', 'Nanyang Business School', '22 Chestnut Street #17-16', '92234650', 'CARME218@e.ntu.edu.sg');
INSERT INTO Person_R1 VALUES ('S6032927W', 'Doug Bissonette', 'Nanyang Business School', '17 Chestnut Avenue #16-16', '83023751', 'DOUG863@e.ntu.edu.sg');
INSERT INTO Person_R1 VALUES ('S7894186R', 'Hal Amsler', 'Nanyang Business School', '40 Chestnut Crescent #02-19', '94695839', 'HALA863@e.ntu.edu.sg');
INSERT INTO Person_R1 VALUES ('S7842712W', 'Bryon Pinegar', 'Nanyang Business School', '46 Paya Lebar Avenue #02-03', '92913861', 'BRYON040@e.ntu.edu.sg');
INSERT INTO Person_R1 VALUES ('S7835154R', 'Pete Gullion', 'Nanyang Business School', '30 Bukit Batok Crescent #06-01', '95592848', 'PETE122@e.ntu.edu.sg');
INSERT INTO Person_R1 VALUES ('S6337328X', 'Taylor Claude', 'Nanyang Business School', '41 Pasir Ris Crescent #02-17', '81130104', 'TAYLO009@e.ntu.edu.sg');
INSERT INTO Person_R1 VALUES ('S8039220B', 'Lee Hesson', 'Nanyang Business School', '48 Paya Lebar Street #13-12', '93361396', 'LEEH539@e.ntu.edu.sg');
INSERT INTO Person_R1 VALUES ('S8760195S', 'Nelson Pottorff', 'Nanyang Business School', '25 Bugis View #20-00', '93289539', 'NELSO622@e.ntu.edu.sg');
INSERT INTO Person_R1 VALUES ('S7795713R', 'Joan Denby', 'Nanyang Business School', '21 Ang Mo Kio Avenue #04-02', '86901030', 'JOAN950@e.ntu.edu.sg');
INSERT INTO Person_R1 VALUES ('S7732428O', 'Florencio Hintzen', 'Nanyang Business School', '28 Bedok Crescent #09-15', '89231049', 'FLORE606@e.ntu.edu.sg');
INSERT INTO Person_R1 VALUES ('S6382021H', 'Abel Houston', 'Nanyang Business School', '38 Haig Crescent #02-14', '91965401', 'ABEL484@e.ntu.edu.sg');
INSERT INTO Person_R1 VALUES ('S8465926D', 'Clinton Appleton', 'Nanyang Business School', '43 Tampines Avenue #02-12', '98261884', 'CLINT737@e.ntu.edu.sg');
INSERT INTO Person_R1 VALUES ('S8099990M', 'Darren Krenz', 'Nanyang Business School', '15 Bugis Street #15-00', '94323640', 'DARRE569@e.ntu.edu.sg');
INSERT INTO Person_R1 VALUES ('S6542945M', 'Chantell Gidney', 'School of Computer Science and Engineering', '11 Bedok View #12-15', '94916544', 'CHANT543@e.ntu.edu.sg');
INSERT INTO Person_R1 VALUES ('S8366204Y', 'Vallie Lowenthal', 'School of Computer Science and Engineering', '37 Paya Lebar Crescent #09-10', '86111838', 'VALLI349@e.ntu.edu.sg');
INSERT INTO Person_R1 VALUES ('S6198142A', 'Donovan Hilario', 'School of Computer Science and Engineering', '35 Bukit Batok Street #18-20', '93962936', 'DONOV942@e.ntu.edu.sg');
INSERT INTO Person_R1 VALUES ('S8855688H', 'Greg Goldsberry', 'School of Computer Science and Engineering', '24 Tampines Crescent #09-06', '94151190', 'GREG335@e.ntu.edu.sg');
INSERT INTO Person_R1 VALUES ('S8566467X', 'Nam Swinney', 'School of Computer Science and Engineering', '38 Bedok View #11-01', '86283933', 'NAMS971@e.ntu.edu.sg');
INSERT INTO Person_R1 VALUES ('S7649901E', 'Luisa Wu', 'School of Computer Science and Engineering', '16 Ang Mo Kio Avenue #10-19', '84646629', 'LUISA094@e.ntu.edu.sg');
INSERT INTO Person_R1 VALUES ('S6591556Y', 'Lori Gale', 'School of Computer Science and Engineering', '23 Ang Mo Kio Street #20-18', '86848346', 'LORI483@e.ntu.edu.sg');
INSERT INTO Person_R1 VALUES ('S8594816L', 'Ammie Woodbury', 'School of Computer Science and Engineering', '38 Haig View #07-20', '99520439', 'AMMIE150@e.ntu.edu.sg');
INSERT INTO Person_R1 VALUES ('S6429571Q', 'Diamond Weed', 'School of Physical and Mathematical Sciences', '28 Haig Avenue #06-12', '82144521', 'DIAMO895@e.ntu.edu.sg');
INSERT INTO Person_R1 VALUES ('S8937330A', 'Shakira Mcclaren', 'School of Physical and Mathematical Sciences', '48 Bedok Crescent #11-03', '83171004', 'SHAKI106@e.ntu.edu.sg');
INSERT INTO Person_R1 VALUES ('S6716048O', 'Yuri Mcfarland', 'School of Physical and Mathematical Sciences', '34 Bukit Batok View #14-11', '83152818', 'YURI274@e.ntu.edu.sg');
INSERT INTO Person_R1 VALUES ('S6358692S', 'Chauncey Hohman', 'School of Physical and Mathematical Sciences', '50 Ang Mo Kio View #10-19', '98381102', 'CHAUN996@e.ntu.edu.sg');
INSERT INTO Person_R1 VALUES ('S6436689G', 'Jospeh Puskar', 'School of Physical and Mathematical Sciences', '34 Paya Lebar View #15-20', '88551096', 'JOSPE647@e.ntu.edu.sg');
INSERT INTO Person_R1 VALUES ('S6321615X', 'Lavada Cooney', 'School of Physical and Mathematical Sciences', '14 Paya Lebar Street #20-05', '90804235', 'LAVAD030@e.ntu.edu.sg');
INSERT INTO Person_R1 VALUES ('S6151663N', 'Winona Stogsdill', 'School of Physical and Mathematical Sciences', '48 Bedok View #20-13', '99861011', 'WINON171@e.ntu.edu.sg');
INSERT INTO Person_R1 VALUES ('S8682501U', 'Shayla Liedtke', 'School of Physical and Mathematical Sciences', '14 Nanyang Crescent #12-10', '98055122', 'SHAYL283@e.ntu.edu.sg');
INSERT INTO Person_R1 VALUES ('S6919000Y', 'Leonia Paluch', 'Nanyang Business School', '20 Bukit Batok Crescent #04-11', '97161725', 'LEONI740@e.ntu.edu.sg');
INSERT INTO Person_R1 VALUES ('S8465420H', 'Gregorio Journey', 'Nanyang Business School', '39 Pasir Ris Avenue #12-17', '96174898', 'GREGO319@e.ntu.edu.sg');
INSERT INTO Person_R1 VALUES ('S6285739O', 'Cheryll Henze', 'Nanyang Business School', '22 Chestnut Avenue #08-15', '91343223', 'CHERY995@e.ntu.edu.sg');
INSERT INTO Person_R1 VALUES ('S9093393R', 'Evon Balls', 'Nanyang Business School', '13 Bedok Street #17-14', '95113131', 'EVON192@e.ntu.edu.sg');
INSERT INTO Person_R1 VALUES ('S6447104U', 'Veta Grana', 'Nanyang Business School', '38 Paya Lebar Street #14-17', '97274624', 'VETA513@e.ntu.edu.sg');
INSERT INTO Person_R1 VALUES ('S7878199C', 'Hien Zeigler', 'Nanyang Business School', '37 Bukit Batok Avenue #03-12', '87927271', 'HIEN887@e.ntu.edu.sg');
INSERT INTO Person_R1 VALUES ('S7714356F', 'Anita Sharpe', 'Nanyang Business School', '44 Nanyang View #01-10', '97192333', 'ANITA468@e.ntu.edu.sg');
INSERT INTO Person_R1 VALUES ('S6077441L', 'Isreal Swasey', 'Nanyang Business School', '16 Bukit Batok View #07-07', '86069530', 'ISREA169@e.ntu.edu.sg');
INSERT INTO Person_R1 VALUES ('S7967552O', 'Abigail Higginbotham', 'Nanyang Business School', '27 Bedok Avenue #03-12', '99254284', 'ABIGA900@e.ntu.edu.sg');
INSERT INTO Person_R1 VALUES ('S8746763I', 'Hubert Eacret', 'School of Computer Science and Engineering', '17 Paya Lebar Crescent #06-03', '81839593', 'HUBER714@e.ntu.edu.sg');
INSERT INTO Person_R1 VALUES ('S7116670Q', 'Clara Saulnier', 'School of Computer Science and Engineering', '33 Paya Lebar Street #08-01', '81469911', 'CLARA875@e.ntu.edu.sg');
INSERT INTO Person_R1 VALUES ('S8019609S', 'Adina Kiley', 'School of Computer Science and Engineering', '44 Nanyang View #10-10', '89798639', 'ADINA912@e.ntu.edu.sg');
INSERT INTO Person_R1 VALUES ('S7994678N', 'Candis Carnley', 'School of Computer Science and Engineering', '11 Chestnut Street #02-04', '95155942', 'CANDI566@e.ntu.edu.sg');
INSERT INTO Person_R1 VALUES ('S7138455N', 'Karl Lex', 'School of Computer Science and Engineering', '18 Haig Crescent #07-20', '96054671', 'KARL250@e.ntu.edu.sg');
INSERT INTO Person_R1 VALUES ('S8870503O', 'Deanne Shultz', 'School of Computer Science and Engineering', '42 Paya Lebar View #12-13', '90283682', 'DEANN053@e.ntu.edu.sg');
INSERT INTO Person_R1 VALUES ('S6818581R', 'Lady Aultman', 'School of Computer Science and Engineering', '22 Tampines Street #19-13', '94077193', 'LADY129@e.ntu.edu.sg');
INSERT INTO Person_R1 VALUES ('S7487820E', 'Nila Combes', 'School of Computer Science and Engineering', '32 Pasir Ris Street #11-12', '93151183', 'NILA240@e.ntu.edu.sg');
INSERT INTO Person_R1 VALUES ('S6293407X', 'Mafalda Pavon', 'School of Physical and Mathematical Sciences', '16 Chestnut Street #02-08', '97733648', 'MAFAL322@e.ntu.edu.sg');
INSERT INTO Person_R1 VALUES ('S6255118D', 'Abel Harbor', 'School of Physical and Mathematical Sciences', '45 Bukit Batok Street #20-16', '99872378', 'ABEL942@e.ntu.edu.sg');
INSERT INTO Person_R1 VALUES ('S6048755N', 'Tamatha Billingsly', 'School of Physical and Mathematical Sciences', '26 Bugis Street #18-02', '89381905', 'TAMAT233@e.ntu.edu.sg');
INSERT INTO Person_R1 VALUES ('S6299846Z', 'Shakia Oliverio', 'School of Physical and Mathematical Sciences', '32 Ang Mo Kio Crescent #09-17', '93164525', 'SHAKI593@e.ntu.edu.sg');
INSERT INTO Person_R1 VALUES ('S7557787Z', 'Kacie Mina', 'School of Physical and Mathematical Sciences', '31 Ang Mo Kio Crescent #09-20', '91385606', 'KACIE540@e.ntu.edu.sg');
INSERT INTO Person_R1 VALUES ('S6769786J', 'Asa Grubb', 'School of Physical and Mathematical Sciences', '44 Paya Lebar Crescent #01-18', '96238268', 'ASAG792@e.ntu.edu.sg');
INSERT INTO Person_R1 VALUES ('S6740690T', 'Deja Osterhout', 'School of Physical and Mathematical Sciences', '27 Paya Lebar Street #05-06', '89889087', 'DEJA930@e.ntu.edu.sg');
INSERT INTO Person_R1 VALUES ('S8924441X', 'Archie Shapiro', 'School of Physical and Mathematical Sciences', '24 Bedok Crescent #12-09', '93328773', 'ARCHI271@e.ntu.edu.sg');
INSERT INTO Person_R1 VALUES ('S8765026P', 'Bea Haber', 'Nanyang Business School', '42 Chestnut Avenue #03-17', '81077366', 'BEAH180@e.ntu.edu.sg');
INSERT INTO Person_R1 VALUES ('S6237582U', 'Cary Couturier', 'Nanyang Business School', '50 Pasir Ris View #12-05', '84313382', 'CARY491@e.ntu.edu.sg');
INSERT INTO Person_R1 VALUES ('S6588377J', 'Clarissa Lydick', 'Nanyang Business School', '17 Tampines Crescent #06-04', '94228231', 'CLARI438@e.ntu.edu.sg');
INSERT INTO Person_R1 VALUES ('S6359576S', 'Zoe Pyron', 'Nanyang Business School', '40 Pasir Ris View #02-12', '84221864', 'ZOEP011@e.ntu.edu.sg');
INSERT INTO Person_R1 VALUES ('S7911444U', 'Barton Seneca', 'Nanyang Business School', '25 Bukit Batok View #05-13', '92995338', 'BARTO833@e.ntu.edu.sg');
INSERT INTO Person_R1 VALUES ('S7989066J', 'Delaine Poquette', 'Nanyang Business School', '30 Tampines View #18-15', '87560374', 'DELAI478@e.ntu.edu.sg');
INSERT INTO Person_R1 VALUES ('S6341130H', 'Orval Bavaro', 'Nanyang Business School', '13 Paya Lebar Street #04-20', '99586841', 'ORVAL223@e.ntu.edu.sg');
INSERT INTO Person_R1 VALUES ('S7252145I', 'Beverlee Nolin', 'Nanyang Business School', '19 Bugis Crescent #07-14', '98368310', 'BEVER128@e.ntu.edu.sg');
INSERT INTO Person_R1 VALUES ('S8228859S', 'Garfield Droz', 'Nanyang Business School', '41 Haig Crescent #11-10', '82852419', 'GARFI685@e.ntu.edu.sg');

INSERT INTO Stakeholder VALUES ('S8746763I', 'Public');
INSERT INTO Stakeholder VALUES ('S7116670Q', 'Public');
INSERT INTO Stakeholder VALUES ('S8019609S', 'Public');
INSERT INTO Stakeholder VALUES ('S7994678N', 'Public');
INSERT INTO Stakeholder VALUES ('S7138455N', 'Public');
INSERT INTO Stakeholder VALUES ('S8870503O', 'Public');
INSERT INTO Stakeholder VALUES ('S6818581R', 'Public');
INSERT INTO Stakeholder VALUES ('S7487820E', 'Public');
INSERT INTO Stakeholder VALUES ('S6293407X', 'Public');
INSERT INTO Stakeholder VALUES ('S6255118D', 'Public');
INSERT INTO Stakeholder VALUES ('S6048755N', 'Public');
INSERT INTO Stakeholder VALUES ('S6299846Z', 'Public');
INSERT INTO Stakeholder VALUES ('S7557787Z', 'Private');
INSERT INTO Stakeholder VALUES ('S6769786J', 'Private');
INSERT INTO Stakeholder VALUES ('S6740690T', 'Private');
INSERT INTO Stakeholder VALUES ('S8924441X', 'Private');
INSERT INTO Stakeholder VALUES ('S8765026P', 'Private');
INSERT INTO Stakeholder VALUES ('S6237582U', 'Private');
INSERT INTO Stakeholder VALUES ('S6588377J', 'Private');
INSERT INTO Stakeholder VALUES ('S6359576S', 'Private');
INSERT INTO Stakeholder VALUES ('S7911444U', 'Private');
INSERT INTO Stakeholder VALUES ('S7989066J', 'Private');
INSERT INTO Stakeholder VALUES ('S6341130H', 'Private');
INSERT INTO Stakeholder VALUES ('S7252145I', 'Private');
INSERT INTO Stakeholder VALUES ('S8228859S', 'Private');

INSERT INTO Professor VALUES ('S8468939S', 'Big Data Analytics');
INSERT INTO Professor VALUES ('S7690922X', 'Human Resources Management');
INSERT INTO Professor VALUES ('S8972332B', 'Accounting Systems');
INSERT INTO Professor VALUES ('S8744898T', 'Graph Theory');
INSERT INTO Professor VALUES ('S6547447J', 'Artificial Intelligence');
INSERT INTO Professor VALUES ('S7547074F', 'Accounting Systems');
INSERT INTO Professor VALUES ('S7087203A', 'Distributed Systems');
INSERT INTO Professor VALUES ('S6346342Q', 'Distributed Systems');
INSERT INTO Professor VALUES ('S6155367M', 'Artificial Intelligence');
INSERT INTO Professor VALUES ('S8014273K', 'Accounting Systems');
INSERT INTO Professor VALUES ('S7213861V', 'Investment Banking');
INSERT INTO Professor VALUES ('S7662038Y', 'Quantum Physics');
INSERT INTO Professor VALUES ('S8032187I', 'Artificial Intelligence');
INSERT INTO Professor VALUES ('S6033601G', 'Graph Theory');
INSERT INTO Professor VALUES ('S9052022T', 'Cryptography');
INSERT INTO Professor VALUES ('S7340826O', 'Quantum Physics');
INSERT INTO Professor VALUES ('S7071758C', 'Accounting Systems');
INSERT INTO Professor VALUES ('S6587237S', 'Number Theory');
INSERT INTO Professor VALUES ('S7375473S', 'Investment Banking');
INSERT INTO Professor VALUES ('S7825933P', 'Artificial Intelligence');
INSERT INTO Professor VALUES ('S7425165R', 'Graph Theory');
INSERT INTO Professor VALUES ('S8333952M', 'Accounting Systems');
INSERT INTO Professor VALUES ('S7326139L', 'Number Theory');
INSERT INTO Professor VALUES ('S8568828S', 'Big Data Analytics');
INSERT INTO Professor VALUES ('S8858395X', 'Accounting Systems');
INSERT INTO Professor VALUES ('S6475373S', 'Big Data Analytics');
INSERT INTO Professor VALUES ('S6919101E', 'Accounting Systems');
INSERT INTO Professor VALUES ('S6330488Q', 'Human Resources Management');
INSERT INTO Professor VALUES ('S6043853R', 'Investment Banking');
INSERT INTO Professor VALUES ('S6968369P', 'Distributed Systems');
INSERT INTO Professor VALUES ('S7756343K', 'Cryptography');
INSERT INTO Professor VALUES ('S6431984V', 'Investment Banking');
INSERT INTO Professor VALUES ('S8681069Z', 'Investment Banking');
INSERT INTO Professor VALUES ('S8623658P', 'Cryptography');
INSERT INTO Professor VALUES ('S8443404U', 'Artificial Intelligence');
INSERT INTO Professor VALUES ('S6726612O', 'Distributed Systems');
INSERT INTO Professor VALUES ('S8713017P', 'Accounting Systems');
INSERT INTO Professor VALUES ('S8435941Y', 'Number Theory');
INSERT INTO Professor VALUES ('S6793515E', 'Accounting Systems');
INSERT INTO Professor VALUES ('S6032927W', 'Big Data Analytics');
INSERT INTO Professor VALUES ('S7894186R', 'Accounting Systems');
INSERT INTO Professor VALUES ('S7842712W', 'Accounting Systems');
INSERT INTO Professor VALUES ('S7835154R', 'Big Data Analytics');
INSERT INTO Professor VALUES ('S6337328X', 'Artificial Intelligence');
INSERT INTO Professor VALUES ('S8039220B', 'Artificial Intelligence');
INSERT INTO Professor VALUES ('S8760195S', 'Accounting Systems');
INSERT INTO Professor VALUES ('S7795713R', 'Distributed Systems');
INSERT INTO Professor VALUES ('S7732428O', 'Accounting Systems');
INSERT INTO Professor VALUES ('S6382021H', 'Artificial Intelligence');
INSERT INTO Professor VALUES ('S8465926D', 'Human Resources Management');
INSERT INTO Professor VALUES ('S8099990M', 'Accounting Systems');

INSERT INTO Student VALUES ('S9733127X', 'U1768385U', '2017/07/23', 'Computer Science', 'Business');
INSERT INTO Student VALUES ('S9695846S', 'U1856100U', '2018/07/23', 'Computer Science', 'NULL');
INSERT INTO Student VALUES ('S9917559D', 'U1479550C', '2014/07/23', 'Computer Science', 'Mathematics');
INSERT INTO Student VALUES ('S9722588R', 'U1767831S', '2017/07/23', 'Computer Science', 'NULL');
INSERT INTO Student VALUES ('S9831152C', 'U1558000T', '2015/07/23', 'Computer Science', 'Business');
INSERT INTO Student VALUES ('S9850619F', 'U1838963J', '2018/07/23', 'Computer Science', 'NULL');
INSERT INTO Student VALUES ('S9756352I', 'U1718118M', '2017/07/23', 'Computer Science', 'Business');
INSERT INTO Student VALUES ('S9619775Q', 'U1667609H', '2016/07/23', 'Computer Science', 'NULL');
INSERT INTO Student VALUES ('S9929822J', 'U1592012P', '2015/07/23', 'Computer Science', 'NULL');
INSERT INTO Student VALUES ('S9629414M', 'U1485734C', '2014/07/23', 'Computer Science', 'NULL');
INSERT INTO Student VALUES ('S9677981C', 'U1554798D', '2015/07/23', 'Computer Science', 'NULL');
INSERT INTO Student VALUES ('S9722475Y', 'U1614661S', '2016/07/23', 'Computer Engineering', 'Business');
INSERT INTO Student VALUES ('S9851774K', 'U1821764R', '2018/07/23', 'Computer Engineering', 'NULL');
INSERT INTO Student VALUES ('S9736207Q', 'U1435304W', '2014/07/23', 'Computer Engineering', 'Mathematics');
INSERT INTO Student VALUES ('S9614412D', 'U1647581Q', '2016/07/23', 'Computer Engineering', 'Business');
INSERT INTO Student VALUES ('S9767779R', 'U1688976Q', '2016/07/23', 'Computer Engineering', 'NULL');
INSERT INTO Student VALUES ('S9820365J', 'U1666002A', '2016/07/23', 'Computer Engineering', 'NULL');
INSERT INTO Student VALUES ('S9870261F', 'U1599377D', '2015/07/23', 'Computer Engineering', 'NULL');
INSERT INTO Student VALUES ('S9772710P', 'U1775523C', '2017/07/23', 'Computer Engineering', 'Business');
INSERT INTO Student VALUES ('S9946019G', 'G1721755C', '2017/07/23', 'Computer Science', 'NULL');
INSERT INTO Student VALUES ('S9652691I', 'G1748817E', '2017/07/23', 'Computer Science', 'NULL');
INSERT INTO Student VALUES ('S9691398S', 'G1472148Y', '2014/07/23', 'Computer Science', 'NULL');
INSERT INTO Student VALUES ('S9893799S', 'G1818666T', '2018/07/23', 'Computer Science', 'NULL');
INSERT INTO Student VALUES ('S9949768H', 'G1622438N', '2016/07/23', 'Computer Science', 'NULL');
INSERT INTO Student VALUES ('S9622512G', 'G1694375P', '2016/07/23', 'Computer Science', 'NULL');
INSERT INTO Student VALUES ('S9759216H', 'G1632233W', '2016/07/23', 'Computer Science', 'NULL');
INSERT INTO Student VALUES ('S9651893P', 'G1855363C', '2018/07/23', 'Computer Science', 'NULL');
INSERT INTO Student VALUES ('S9797872B', 'G1844380M', '2018/07/23', 'Computer Engineering', 'NULL');
INSERT INTO Student VALUES ('S9963519E', 'G1824847B', '2018/07/23', 'Computer Engineering', 'NULL');
INSERT INTO Student VALUES ('S9677057V', 'G1655238D', '2016/07/23', 'Computer Engineering', 'NULL');
INSERT INTO Student VALUES ('S9683984N', 'G1487434I', '2014/07/23', 'Computer Engineering', 'NULL');
INSERT INTO Student VALUES ('S9899788Y', 'G1522274Z', '2015/07/23', 'Computer Engineering', 'NULL');
INSERT INTO Student VALUES ('S9657712Y', 'U1575287G', '2015/07/23', 'Physics', 'Business');
INSERT INTO Student VALUES ('S9684849K', 'U1729722H', '2017/07/23', 'Physics', 'NULL');
INSERT INTO Student VALUES ('S9693627R', 'U1875564X', '2018/07/23', 'Physics', 'NULL');
INSERT INTO Student VALUES ('S9660049B', 'U1666006O', '2016/07/23', 'Physics', 'Computer Science');
INSERT INTO Student VALUES ('S9739121Z', 'U1521462V', '2015/07/23', 'Physics', 'NULL');
INSERT INTO Student VALUES ('S9696281M', 'U1764816D', '2017/07/23', 'Physics', 'Computer Science');
INSERT INTO Student VALUES ('S9770160P', 'U1552536P', '2015/07/23', 'Physics', 'NULL');
INSERT INTO Student VALUES ('S9626262S', 'U1874986W', '2018/07/23', 'Physics', 'NULL');
INSERT INTO Student VALUES ('S9778004A', 'U1730973N', '2017/07/23', 'Physics', 'Business');
INSERT INTO Student VALUES ('S9690567B', 'U1459825K', '2014/07/23', 'Physics', 'NULL');
INSERT INTO Student VALUES ('S9658098C', 'U1675701I', '2016/07/23', 'Physics', 'NULL');
INSERT INTO Student VALUES ('S9727073Y', 'U1678849P', '2016/07/23', 'Physics', 'NULL');
INSERT INTO Student VALUES ('S9645973W', 'U1843559K', '2018/07/23', 'Physics', 'Business');
INSERT INTO Student VALUES ('S9844000X', 'U1587346D', '2015/07/23', 'Physics', 'Computer Science');
INSERT INTO Student VALUES ('S9920635S', 'U1699225C', '2016/07/23', 'Mathematics', 'NULL');
INSERT INTO Student VALUES ('S9975572K', 'U1432023S', '2014/07/23', 'Mathematics', 'NULL');
INSERT INTO Student VALUES ('S9945398G', 'U1551224S', '2015/07/23', 'Mathematics', 'NULL');
INSERT INTO Student VALUES ('S9860529S', 'U1591570I', '2015/07/23', 'Mathematics', 'NULL');
INSERT INTO Student VALUES ('S9830478U', 'U1479425J', '2014/07/23', 'Mathematics', 'Business');
INSERT INTO Student VALUES ('S9666826Y', 'G1840348K', '2018/07/23', 'Physics', 'NULL');
INSERT INTO Student VALUES ('S9844485R', 'G1434407M', '2014/07/23', 'Physics', 'NULL');
INSERT INTO Student VALUES ('S9628927W', 'G1432326H', '2014/07/23', 'Physics', 'NULL');
INSERT INTO Student VALUES ('S9990896A', 'G1637547W', '2016/07/23', 'Physics', 'NULL');
INSERT INTO Student VALUES ('S9877147E', 'G1636352C', '2016/07/23', 'Physics', 'NULL');
INSERT INTO Student VALUES ('S9611886G', 'G1533295G', '2015/07/23', 'Physics', 'NULL');
INSERT INTO Student VALUES ('S9955598U', 'G1464031V', '2014/07/23', 'Physics', 'NULL');
INSERT INTO Student VALUES ('S9711763A', 'G1573240F', '2015/07/23', 'Physics', 'NULL');
INSERT INTO Student VALUES ('S9867774H', 'G1882500M', '2018/07/23', 'Physics', 'NULL');
INSERT INTO Student VALUES ('S9781468O', 'G1863706I', '2018/07/23', 'Physics', 'NULL');
INSERT INTO Student VALUES ('S9672299W', 'G1774465A', '2017/07/23', 'Mathematics', 'NULL');
INSERT INTO Student VALUES ('S9897266S', 'G1612754A', '2016/07/23', 'Mathematics', 'NULL');
INSERT INTO Student VALUES ('S9743479F', 'G1561063Z', '2015/07/23', 'Mathematics', 'NULL');
INSERT INTO Student VALUES ('S9720826Z', 'G1651445B', '2016/07/23', 'Mathematics', 'NULL');
INSERT INTO Student VALUES ('S9639826W', 'G1718139D', '2017/07/23', 'Mathematics', 'NULL');
INSERT INTO Student VALUES ('S9637726Z', 'U1888792O', '2018/07/23', 'Business ', 'Computer Science');
INSERT INTO Student VALUES ('S9930318Z', 'U1628964K', '2016/07/23', 'Business ', 'NULL');
INSERT INTO Student VALUES ('S9817088U', 'U1751214H', '2017/07/23', 'Business ', 'NULL');
INSERT INTO Student VALUES ('S9828865E', 'U1449047O', '2014/07/23', 'Business ', 'NULL');
INSERT INTO Student VALUES ('S9963538Q', 'U1829880Z', '2018/07/23', 'Business ', 'NULL');
INSERT INTO Student VALUES ('S9915654K', 'U1451831X', '2014/07/23', 'Business ', 'NULL');
INSERT INTO Student VALUES ('S9786239J', 'U1830751H', '2018/07/23', 'Business ', 'NULL');
INSERT INTO Student VALUES ('S9750630U', 'U1455550Y', '2014/07/23', 'Business ', 'Computer Science');
INSERT INTO Student VALUES ('S9945680P', 'U1488703Z', '2014/07/23', 'Business ', 'NULL');
INSERT INTO Student VALUES ('S9682691N', 'U1657986W', '2016/07/23', 'Business ', 'NULL');
INSERT INTO Student VALUES ('S9867108D', 'U1418351M', '2014/07/23', 'Business ', 'NULL');
INSERT INTO Student VALUES ('S9726844G', 'U1488817M', '2014/07/23', 'Business ', 'NULL');
INSERT INTO Student VALUES ('S9628046W', 'U1561114Q', '2015/07/23', 'Accountancy', 'NULL');
INSERT INTO Student VALUES ('S9719396U', 'U1853216A', '2018/07/23', 'Accountancy', 'NULL');
INSERT INTO Student VALUES ('S9796567Y', 'U1835698C', '2018/07/23', 'Accountancy', 'Computer Science');
INSERT INTO Student VALUES ('S9775721E', 'U1863312V', '2018/07/23', 'Accountancy', 'NULL');
INSERT INTO Student VALUES ('S9770748L', 'U1650308N', '2016/07/23', 'Accountancy', 'NULL');
INSERT INTO Student VALUES ('S9731179S', 'U1883955U', '2018/07/23', 'Accountancy', 'NULL');
INSERT INTO Student VALUES ('S9883595K', 'U1628913V', '2016/07/23', 'Accountancy', 'NULL');
INSERT INTO Student VALUES ('S9881948R', 'G1776476N', '2017/07/23', 'Business ', 'NULL');
INSERT INTO Student VALUES ('S9878146A', 'G1830106J', '2018/07/23', 'Business ', 'NULL');
INSERT INTO Student VALUES ('S9925377M', 'G1414204N', '2014/07/23', 'Business ', 'NULL');
INSERT INTO Student VALUES ('S9662439O', 'G1793608Z', '2017/07/23', 'Business ', 'NULL');
INSERT INTO Student VALUES ('S9754303V', 'G1584320A', '2015/07/23', 'Business ', 'NULL');
INSERT INTO Student VALUES ('S9856731Y', 'G1617125G', '2016/07/23', 'Business ', 'NULL');
INSERT INTO Student VALUES ('S9685423A', 'G1728756W', '2017/07/23', 'Business ', 'NULL');
INSERT INTO Student VALUES ('S9651245B', 'G1631897H', '2016/07/23', 'Business ', 'NULL');
INSERT INTO Student VALUES ('S9954632A', 'G1415920B', '2014/07/23', 'Accountancy', 'NULL');
INSERT INTO Student VALUES ('S9664494X', 'G1887159W', '2018/07/23', 'Accountancy', 'NULL');
INSERT INTO Student VALUES ('S9852702M', 'G1533787C', '2015/07/23', 'Accountancy', 'NULL');
INSERT INTO Student VALUES ('S9830620D', 'G1738960J', '2017/07/23', 'Accountancy', 'NULL');
INSERT INTO Student VALUES ('S9641754F', 'G1465566M', '2014/07/23', 'Accountancy', 'NULL');
INSERT INTO Student VALUES ('S9626637W', 'G1566484E', '2015/07/23', 'Accountancy', 'NULL');

INSERT INTO Staff VALUES ('S6542945M', 'A9751354Z', '1998/03/10', 'Administrative Staff');
INSERT INTO Staff VALUES ('S8366204Y', 'A7253919A', '1990/10/25', 'Administrative Staff');
INSERT INTO Staff VALUES ('S6198142A', 'A2484800X', '1997/02/24', 'Administrative Staff');
INSERT INTO Staff VALUES ('S8855688H', 'A9809418V', '1999/08/21', 'Administrative Staff');
INSERT INTO Staff VALUES ('S8566467X', 'A9545293E', '2004/02/08', 'Technical Staff');
INSERT INTO Staff VALUES ('S7649901E', 'A1949511C', '2000/12/21', 'Technical Staff');
INSERT INTO Staff VALUES ('S6591556Y', 'A8696522Q', '1992/11/06', 'Technical Staff');
INSERT INTO Staff VALUES ('S8594816L', 'A1398764H', '2000/08/22', 'Technical Staff');
INSERT INTO Staff VALUES ('S6429571Q', 'A2252031O', '1992/10/25', 'Administrative Staff');
INSERT INTO Staff VALUES ('S8937330A', 'A6578293I', '1990/11/25', 'Administrative Staff');
INSERT INTO Staff VALUES ('S6716048O', 'A7622422C', '2001/03/15', 'Administrative Staff');
INSERT INTO Staff VALUES ('S6358692S', 'A9384269J', '1994/10/21', 'Administrative Staff');
INSERT INTO Staff VALUES ('S6436689G', 'A2078362C', '2005/01/03', 'Administrative Staff');
INSERT INTO Staff VALUES ('S6321615X', 'A6553258D', '1995/08/24', 'Technical Staff');
INSERT INTO Staff VALUES ('S6151663N', 'A1312377C', '2001/11/17', 'Technical Staff');
INSERT INTO Staff VALUES ('S8682501U', 'A6110236R', '1990/02/07', 'Technical Staff');
INSERT INTO Staff VALUES ('S6919000Y', 'A3173260I', '1993/09/12', 'Administrative Staff');
INSERT INTO Staff VALUES ('S8465420H', 'A6587936D', '2007/02/26', 'Administrative Staff');
INSERT INTO Staff VALUES ('S6285739O', 'A9928139C', '2000/11/21', 'Administrative Staff');
INSERT INTO Staff VALUES ('S9093393R', 'A8828352N', '2004/12/03', 'Administrative Staff');
INSERT INTO Staff VALUES ('S6447104U', 'A4853916N', '2002/05/03', 'Administrative Staff');
INSERT INTO Staff VALUES ('S7878199C', 'A8453376K', '1991/12/26', 'Administrative Staff');
INSERT INTO Staff VALUES ('S7714356F', 'A4283852A', '2003/09/02', 'Administrative Staff');
INSERT INTO Staff VALUES ('S6077441L', 'A7046423S', '2002/04/28', 'Administrative Staff');
INSERT INTO Staff VALUES ('S7967552O', 'A2415382O', '2004/11/15', 'Administrative Staff');

INSERT INTO Undergraduate VALUES ('S9733127X');
INSERT INTO Undergraduate VALUES ('S9695846S');
INSERT INTO Undergraduate VALUES ('S9917559D');
INSERT INTO Undergraduate VALUES ('S9722588R');
INSERT INTO Undergraduate VALUES ('S9831152C');
INSERT INTO Undergraduate VALUES ('S9850619F');
INSERT INTO Undergraduate VALUES ('S9756352I');
INSERT INTO Undergraduate VALUES ('S9619775Q');
INSERT INTO Undergraduate VALUES ('S9929822J');
INSERT INTO Undergraduate VALUES ('S9629414M');
INSERT INTO Undergraduate VALUES ('S9677981C');
INSERT INTO Undergraduate VALUES ('S9722475Y');
INSERT INTO Undergraduate VALUES ('S9851774K');
INSERT INTO Undergraduate VALUES ('S9736207Q');
INSERT INTO Undergraduate VALUES ('S9614412D');
INSERT INTO Undergraduate VALUES ('S9767779R');
INSERT INTO Undergraduate VALUES ('S9820365J');
INSERT INTO Undergraduate VALUES ('S9870261F');
INSERT INTO Undergraduate VALUES ('S9772710P');
INSERT INTO Undergraduate VALUES ('S9657712Y');
INSERT INTO Undergraduate VALUES ('S9684849K');
INSERT INTO Undergraduate VALUES ('S9693627R');
INSERT INTO Undergraduate VALUES ('S9660049B');
INSERT INTO Undergraduate VALUES ('S9739121Z');
INSERT INTO Undergraduate VALUES ('S9696281M');
INSERT INTO Undergraduate VALUES ('S9770160P');
INSERT INTO Undergraduate VALUES ('S9626262S');
INSERT INTO Undergraduate VALUES ('S9778004A');
INSERT INTO Undergraduate VALUES ('S9690567B');
INSERT INTO Undergraduate VALUES ('S9658098C');
INSERT INTO Undergraduate VALUES ('S9727073Y');
INSERT INTO Undergraduate VALUES ('S9645973W');
INSERT INTO Undergraduate VALUES ('S9844000X');
INSERT INTO Undergraduate VALUES ('S9920635S');
INSERT INTO Undergraduate VALUES ('S9975572K');
INSERT INTO Undergraduate VALUES ('S9945398G');
INSERT INTO Undergraduate VALUES ('S9860529S');
INSERT INTO Undergraduate VALUES ('S9830478U');
INSERT INTO Undergraduate VALUES ('S9637726Z');
INSERT INTO Undergraduate VALUES ('S9930318Z');
INSERT INTO Undergraduate VALUES ('S9817088U');
INSERT INTO Undergraduate VALUES ('S9828865E');
INSERT INTO Undergraduate VALUES ('S9963538Q');
INSERT INTO Undergraduate VALUES ('S9915654K');
INSERT INTO Undergraduate VALUES ('S9786239J');
INSERT INTO Undergraduate VALUES ('S9750630U');
INSERT INTO Undergraduate VALUES ('S9945680P');
INSERT INTO Undergraduate VALUES ('S9682691N');
INSERT INTO Undergraduate VALUES ('S9867108D');
INSERT INTO Undergraduate VALUES ('S9726844G');
INSERT INTO Undergraduate VALUES ('S9628046W');
INSERT INTO Undergraduate VALUES ('S9719396U');
INSERT INTO Undergraduate VALUES ('S9796567Y');
INSERT INTO Undergraduate VALUES ('S9775721E');
INSERT INTO Undergraduate VALUES ('S9770748L');
INSERT INTO Undergraduate VALUES ('S9731179S');
INSERT INTO Undergraduate VALUES ('S9883595K');

INSERT INTO Graduate VALUES ('S9733127X');
INSERT INTO Graduate VALUES ('S9695846S');
INSERT INTO Graduate VALUES ('S9917559D');
INSERT INTO Graduate VALUES ('S9722588R');
INSERT INTO Graduate VALUES ('S9831152C');
INSERT INTO Graduate VALUES ('S9850619F');
INSERT INTO Graduate VALUES ('S9756352I');
INSERT INTO Graduate VALUES ('S9619775Q');
INSERT INTO Graduate VALUES ('S9929822J');
INSERT INTO Graduate VALUES ('S9629414M');
INSERT INTO Graduate VALUES ('S9677981C');
INSERT INTO Graduate VALUES ('S9722475Y');
INSERT INTO Graduate VALUES ('S9851774K');
INSERT INTO Graduate VALUES ('S9657712Y');
INSERT INTO Graduate VALUES ('S9684849K');
INSERT INTO Graduate VALUES ('S9693627R');
INSERT INTO Graduate VALUES ('S9660049B');
INSERT INTO Graduate VALUES ('S9739121Z');
INSERT INTO Graduate VALUES ('S9696281M');
INSERT INTO Graduate VALUES ('S9770160P');
INSERT INTO Graduate VALUES ('S9626262S');
INSERT INTO Graduate VALUES ('S9778004A');
INSERT INTO Graduate VALUES ('S9690567B');
INSERT INTO Graduate VALUES ('S9658098C');
INSERT INTO Graduate VALUES ('S9727073Y');
INSERT INTO Graduate VALUES ('S9645973W');
INSERT INTO Graduate VALUES ('S9844000X');
INSERT INTO Graduate VALUES ('S9920635S');
INSERT INTO Graduate VALUES ('S9637726Z');
INSERT INTO Graduate VALUES ('S9930318Z');
INSERT INTO Graduate VALUES ('S9817088U');
INSERT INTO Graduate VALUES ('S9828865E');
INSERT INTO Graduate VALUES ('S9963538Q');
INSERT INTO Graduate VALUES ('S9915654K');
INSERT INTO Graduate VALUES ('S9786239J');
INSERT INTO Graduate VALUES ('S9750630U');
INSERT INTO Graduate VALUES ('S9945680P');
INSERT INTO Graduate VALUES ('S9682691N');
INSERT INTO Graduate VALUES ('S9867108D');
INSERT INTO Graduate VALUES ('S9726844G');
INSERT INTO Graduate VALUES ('S9628046W');
INSERT INTO Graduate VALUES ('S9719396U');

INSERT INTO Lab VALUES ('Software Lab 1', 'School of Computer Science and Engineering', 'N4-01A-02');
INSERT INTO Lab VALUES ('Software Lab 2', 'School of Computer Science and Engineering', 'N4-01C-06');
INSERT INTO Lab VALUES ('Hardware Lab 3', 'School of Computer Science and Engineering', 'N4-01A-03');
INSERT INTO Lab VALUES ('Computer Lab 1', 'School of Physical and Mathematical Sciences', 'MAS-03-02');
INSERT INTO Lab VALUES ('Computer Lab 2', 'School of Physical and Mathematical Sciences', 'MAS-03-03');
INSERT INTO Lab VALUES ('Physics Lab', 'School of Physical and Mathematical Sciences', 'PHY-03-03');
INSERT INTO Lab VALUES ('Research Lab 1', 'School of Computer Science and Engineering', 'N4-01A-03');
INSERT INTO Lab VALUES ('Research Lab 2', 'School of Computer Science and Engineering', 'N4-01C-01');
INSERT INTO Lab VALUES ('Research Lab 3', 'School of Physical and Mathematical Sciences', 'MAS-04-02');
INSERT INTO Lab VALUES ('Research Lab 4', 'School of Physical and Mathematical Sciences', 'MAS-04-03');
INSERT INTO Lab VALUES ('Research Lab 5', 'Nanyang Business School', 'NBS-02-06');
INSERT INTO Lab VALUES ('Research Lab 5', 'Nanyang Business School', 'NBS-02-07');

INSERT INTO Research_Lab VALUES ('Research Lab 1', 'School of Computer Science and Engineering', 'Deep Learning ');
INSERT INTO Research_Lab VALUES ('Research Lab 2', 'School of Computer Science and Engineering', 'High Performance Computing');
INSERT INTO Research_Lab VALUES ('Research Lab 3', 'School of Physical and Mathematical Sciences', 'Modern Physics');
INSERT INTO Research_Lab VALUES ('Research Lab 4', 'School of Physical and Mathematical Sciences', 'Solid State Physics');

INSERT INTO Teaching_Lab VALUES ('Software Lab 1', 'School of Computer Science and Engineering', 'Software');
INSERT INTO Teaching_Lab VALUES ('Software Lab 2', 'School of Computer Science and Engineering', 'Software');
INSERT INTO Teaching_Lab VALUES ('Hardware Lab 3', 'School of Computer Science and Engineering', 'Hardware');
INSERT INTO Teaching_Lab VALUES ('Computer Lab 1', 'School of Physical and Mathematical Sciences', 'Computing');
INSERT INTO Teaching_Lab VALUES ('Computer Lab 2', 'School of Physical and Mathematical Sciences', 'Computing');

INSERT INTO Technical_Staff VALUES ('S8566467X', 'Software Lab 1', 'School of Computer Science and Engineering');
INSERT INTO Technical_Staff VALUES ('S7649901E', 'Software Lab 2', 'School of Computer Science and Engineering');
INSERT INTO Technical_Staff VALUES ('S6591556Y', 'Hardware Lab 3', 'School of Computer Science and Engineering');
INSERT INTO Technical_Staff VALUES ('S6321615X', 'Computer Lab 1', 'School of Physical and Mathematical Sciences');
INSERT INTO Technical_Staff VALUES ('S6151663N', 'Computer Lab 2', 'School of Physical and Mathematical Sciences');
INSERT INTO Technical_Staff VALUES ('S8682501U', 'Physics Lab', 'School of Physical and Mathematical Sciences');
INSERT INTO Technical_Staff VALUES ('S8594816L', 'Research Lab 1', 'School of Computer Science and Engineering');
INSERT INTO Technical_Staff VALUES ('S6591556Y', 'Research Lab 2', 'School of Computer Science and Engineering');
INSERT INTO Technical_Staff VALUES ('S8682501U', 'Research Lab 3', 'School of Physical and Mathematical Sciences');
INSERT INTO Technical_Staff VALUES ('S6151663N', 'Research Lab 4', 'School of Physical and Mathematical Sciences');

INSERT INTO Admin_Staff VALUES ('S6542945M', 'Administrative Staff', '​N4-02a-32', '69173635');
INSERT INTO Admin_Staff VALUES ('S8366204Y', 'Administrative Staff', 'N4-02b-49', '61978692');
INSERT INTO Admin_Staff VALUES ('S6198142A', 'Administrative Staff', 'N4-02b-70/71', '66408553');
INSERT INTO Admin_Staff VALUES ('S8855688H', 'Administrative Staff', 'N4-B1b-12', '69882652');
INSERT INTO Admin_Staff VALUES ('S6429571Q', 'Administrative Staff', 'SPMS-PAP-02-01', '65577722');
INSERT INTO Admin_Staff VALUES ('S8937330A', 'Administrative Staff', 'SPMS-PAP-02-02', '67727816');
INSERT INTO Admin_Staff VALUES ('S6716048O', 'Administrative Staff', 'SPMS-PAP-02-03', '68392627');
INSERT INTO Admin_Staff VALUES ('S6358692S', 'Administrative Staff', 'SPMS-PAP-02-04', '66020770');
INSERT INTO Admin_Staff VALUES ('S6436689G', 'Administrative Staff', 'SPMS-PAP-02-05', '65553895');
INSERT INTO Admin_Staff VALUES ('S6919000Y', 'Administrative Staff', 'S3-01a-01', '63457989');
INSERT INTO Admin_Staff VALUES ('S8465420H', 'Administrative Staff', 'S3-01a-02', '66328126');
INSERT INTO Admin_Staff VALUES ('S6285739O', 'Administrative Staff', 'S3-01a-03', '64775680');
INSERT INTO Admin_Staff VALUES ('S9093393R', 'Administrative Staff', 'S3-01a-04', '65550882');
INSERT INTO Admin_Staff VALUES ('S6447104U', 'Administrative Staff', 'S3-01a-05', '66623291');
INSERT INTO Admin_Staff VALUES ('S7878199C', 'Administrative Staff', 'S3-01a-06', '62288805');
INSERT INTO Admin_Staff VALUES ('S7714356F', 'Administrative Staff', 'S3-01a-07', '69955258');
INSERT INTO Admin_Staff VALUES ('S6077441L', 'Administrative Staff', 'S3-01a-08', '64499758');
INSERT INTO Admin_Staff VALUES ('S7967552O', 'Administrative Staff', 'S3-01a-09', '67618115');

INSERT INTO Timetable VALUES ('Monday', '14:00', '15:00', 'LT2A', 'Lecture');
INSERT INTO Timetable VALUES ('Thursday', '14:00', '16:00', 'Hardware Lab 3', 'Lab');
INSERT INTO Timetable VALUES ('Friday', '10:00', '11:00', 'LT2A', 'Lecture');
INSERT INTO Timetable VALUES ('Tuesday', '12:00', '13:00', 'LT2A', 'Lecture');
INSERT INTO Timetable VALUES ('Wednesday', '14:00', '16:00', 'Software Lab 2', 'Lab');
INSERT INTO Timetable VALUES ('Monday', '08:00', '09:00', 'LT2A', 'Lecture');
INSERT INTO Timetable VALUES ('Tuesday', '14:00', '16:00', 'Hardware Lab 3', 'Lab');
INSERT INTO Timetable VALUES ('Friday', '10:00', '11:00', 'LT2A', 'Lecture');
INSERT INTO Timetable VALUES ('Friday', '15:00', '16:00', 'TR+20', 'Tutorial');
INSERT INTO Timetable VALUES ('Tuesday', '10:00', '11:00', 'LT2A', 'Lecture');
INSERT INTO Timetable VALUES ('Friday', '13:00', '14:00', 'LT2A', 'Lecture');
INSERT INTO Timetable VALUES ('Thursday', '10:00', '11:00', 'TR+18', 'Tutorial');
INSERT INTO Timetable VALUES ('Thursday', '11:00', '13:00', 'Software Lab 2', 'Lab');
INSERT INTO Timetable VALUES ('Monday', '10:00', '11:00', 'TCT-LT', 'Lecture');
INSERT INTO Timetable VALUES ('Friday', '08:00', '09:00', 'TCT-LT', 'Lecture');
INSERT INTO Timetable VALUES ('Tuesday', '10:00', '12:00', 'TR+15', 'Tutorial');
INSERT INTO Timetable VALUES ('Wednesday', '12:00', '14:00', 'Software Lab 2', 'Lab');
INSERT INTO Timetable VALUES ('Thursday', '08:00', '10:00', 'LT2A', 'Lecture');
INSERT INTO Timetable VALUES ('Tuesday', '10:00', '12:00', 'TR+21', 'Tutorial');
INSERT INTO Timetable VALUES ('Wednesday', '12:00', '14:00', 'Software Lab 1', 'Lab');
INSERT INTO Timetable VALUES ('Monday', '09:00', '12:00', 'LT29', 'Lecture');
INSERT INTO Timetable VALUES ('Wednesday', '10:00', '12:00', 'SPMS-TR+1', 'Tutorial');
INSERT INTO Timetable VALUES ('Friday', '09:00', '10:00', 'Computer Lab 1', 'Lab');
INSERT INTO Timetable VALUES ('Tuesday', '09:00', '12:00', 'LT29', 'Lecture');
INSERT INTO Timetable VALUES ('Wednesday', '10:00', '12:00', 'SPMS-TR+2', 'Tutorial');
INSERT INTO Timetable VALUES ('Friday', '10:00', '11:00', 'Computer Lab 2', 'Lab');
INSERT INTO Timetable VALUES ('Monday', '14:00', '16:00', 'LT29', 'Lecture');
INSERT INTO Timetable VALUES ('Thursday', '14:00', '15:00', 'SPMS-TR+1', 'Tutorial');
INSERT INTO Timetable VALUES ('Tuesday', '10:00', '11:00', 'LT28', 'Lecture');
INSERT INTO Timetable VALUES ('Thursday', '08:00', '09:00', 'LT28', 'Lecture');
INSERT INTO Timetable VALUES ('Wednesday', '10:00', '12:00', 'TR+15', 'Tutorial');
INSERT INTO Timetable VALUES ('Friday', '12:00', '14:00', 'Physics Lab', 'Lab');
INSERT INTO Timetable VALUES ('Wednesday', '09:00', '10:00', 'LT27', 'Lecture');
INSERT INTO Timetable VALUES ('Thursday', '09:00', '10:00', 'LT27', 'Lecture');
INSERT INTO Timetable VALUES ('Friday', '12:00', '14:00', 'Physics Lab', 'Lab');
INSERT INTO Timetable VALUES ('Monday', '13:00', '14:00', 'SPMS-TR+3', 'Tutorial');
INSERT INTO Timetable VALUES ('Wednesday', '09:00', '12:00', 'S3-SR1', 'Seminar');
INSERT INTO Timetable VALUES ('Wednesday', '11:00', '12:00', 'S3-SR19', 'Seminar');
INSERT INTO Timetable VALUES ('Monday', '13:00', '15:00', 'S3-SR5', 'Seminar');
INSERT INTO Timetable VALUES ('Tuesday', '12:00', '15:00', 'S3-SR9', 'Seminar');

INSERT INTO Course VALUES ('CZ1003', 'Introduction to Computational Thinking');
INSERT INTO Course VALUES ('CZ1007', 'Data Structures');
INSERT INTO Course VALUES ('CZ2001', 'Algorithms');
INSERT INTO Course VALUES ('CZ2002', 'Object-Oriented Design and Programming');
INSERT INTO Course VALUES ('CZ2007', 'Introduction to Database Systems');
INSERT INTO Course VALUES ('CZ3005', 'Artificial Intelligence ');
INSERT INTO Course VALUES ('MH1100', 'Calculus I');
INSERT INTO Course VALUES ('MH2100', 'Calculus II');
INSERT INTO Course VALUES ('MH2500', 'Probability and Introduction to Statictics');
INSERT INTO Course VALUES ('PH1101', 'Physics I');
INSERT INTO Course VALUES ('PH1102', 'Physics II');
INSERT INTO Course VALUES ('BU8101', 'Accounting');
INSERT INTO Course VALUES ('BU8201', 'Business Finance ');
INSERT INTO Course VALUES ('BU8301', 'Business Law');
INSERT INTO Course VALUES ('BU8401', 'Management Decision Tools');

INSERT INTO Timetable VALUES ('Finance', '2018/10/03', 'S8746763I', 'Resolved');
INSERT INTO Timetable VALUES ('Student Affairs', '2017/04/27', 'S7116670Q', 'Pending');
INSERT INTO Timetable VALUES ('Student Welfare', '2019/05/14', 'S8019609S', 'Resolved');
INSERT INTO Timetable VALUES ('Safety', '2018/12/26', 'S7994678N', 'Pending');
INSERT INTO Timetable VALUES ('Finance', '2015/10/02', 'S7138455N', 'Resolved');
INSERT INTO Timetable VALUES ('Student Affairs', '2017/06/02', 'S8870503O', 'Pending');
INSERT INTO Timetable VALUES ('Student Welfare', '2017/06/16', 'S6818581R', 'Pending');
INSERT INTO Timetable VALUES ('Safety', '2019/06/07', 'S7487820E', 'Resolved');
INSERT INTO Timetable VALUES ('Finance', '2019/08/24', 'S6255118D', 'Pending');
INSERT INTO Timetable VALUES ('Student Affairs', '2018/01/03', 'S6048755N', 'Pending');
INSERT INTO Timetable VALUES ('Student Welfare', '2018/06/26', 'S6299846Z', 'Pending');
INSERT INTO Timetable VALUES ('Safety', '2016/05/12', 'S7557787Z', 'Resolved');
INSERT INTO Timetable VALUES ('Finance', '2015/01/08', 'S6769786J', 'Resolved');
INSERT INTO Timetable VALUES ('Student Affairs', '2015/05/28', 'S6740690T', 'Pending');
INSERT INTO Timetable VALUES ('Student Welfare', '2016/12/24', 'S8924441X', 'Resolved');
INSERT INTO Timetable VALUES ('Safety', '2017/12/26', 'S6237582U', 'Pending');
INSERT INTO Timetable VALUES ('Finance', '2015/12/14', 'S6588377J', 'Pending');
INSERT INTO Timetable VALUES ('Student Affairs', '2016/06/12', 'S6359576S', 'Pending');
INSERT INTO Timetable VALUES ('Student Welfare', '2019/09/03', 'S7911444U', 'Resolved');
INSERT INTO Timetable VALUES ('Safety', '2017/05/18', 'S7989066J', 'Pending');
INSERT INTO Timetable VALUES ('Finance', '2017/10/27', 'S6341130H', 'Pending');
INSERT INTO Timetable VALUES ('Student Affairs', '2016/02/13', 'S7252145I', 'Resolved');
INSERT INTO Timetable VALUES ('Student Welfare', '2019/05/01', 'S8228859S', 'Resolved');
INSERT INTO Timetable VALUES ('Safety', '2016/03/22', 'S8746763I', 'Pending');
INSERT INTO Timetable VALUES ('Finance', '2019/09/13', 'S7116670Q', 'Pending');
INSERT INTO Timetable VALUES ('Student Affairs', '2015/02/12', 'S8019609S', 'Pending');
INSERT INTO Timetable VALUES ('Student Welfare', '2019/03/12', 'S7994678N', 'Pending');
INSERT INTO Timetable VALUES ('Safety', '2017/04/26', 'S7138455N', 'Resolved');
INSERT INTO Timetable VALUES ('Finance', '2017/10/08', 'S8870503O', 'Pending');
INSERT INTO Timetable VALUES ('Student Affairs', '2018/11/03', 'S6818581R', 'Pending');
INSERT INTO Timetable VALUES ('Student Welfare', '2016/01/21', 'S7487820E', 'Pending');
INSERT INTO Timetable VALUES ('Safety', '2017/09/25', 'S6293407X', 'Resolved');
INSERT INTO Timetable VALUES ('Finance', '2018/02/22', 'S6255118D', 'Resolved');
INSERT INTO Timetable VALUES ('Student Affairs', '2016/04/03', 'S6048755N', 'Pending');
INSERT INTO Timetable VALUES ('Student Welfare', '2016/07/18', 'S6299846Z', 'Pending');
INSERT INTO Timetable VALUES ('Safety', '2015/08/21', 'S7557787Z', 'Pending');
INSERT INTO Timetable VALUES ('Finance', '2019/08/13', 'S6769786J', 'Pending');
INSERT INTO Timetable VALUES ('Student Affairs', '2019/05/27', 'S6740690T', 'Resolved');
INSERT INTO Timetable VALUES ('Student Welfare', '2015/08/19', 'S8765026P', 'Pending');
INSERT INTO Timetable VALUES ('Safety', '2019/06/28', 'S6237582U', 'Pending');
INSERT INTO Timetable VALUES ('Finance', '2017/04/05', 'S6359576S', 'Pending');
INSERT INTO Timetable VALUES ('Student Affairs', '2018/09/04', 'S7911444U', 'Resolved');
INSERT INTO Timetable VALUES ('Student Welfare', '2016/02/22', 'S7989066J', 'Resolved');
INSERT INTO Timetable VALUES ('Safety', '2019/07/04', 'S6341130H', 'Resolved');
INSERT INTO Timetable VALUES ('Finance', '2018/04/24', 'S8228859S', 'Resolved');

INSERT INTO takes VALUES ('S9733127X', 'CZ2001');
INSERT INTO takes VALUES ('S9733127X', 'CZ2002');
INSERT INTO takes VALUES ('S9733127X', 'BU8101');
INSERT INTO takes VALUES ('S9695846S', 'CZ2001');
INSERT INTO takes VALUES ('S9695846S', 'CZ2002');
INSERT INTO takes VALUES ('S9695846S', 'CZ2007');
INSERT INTO takes VALUES ('S9917559D', 'CZ1007');
INSERT INTO takes VALUES ('S9917559D', 'CZ2001');
INSERT INTO takes VALUES ('S9917559D', 'MH1101');
INSERT INTO takes VALUES ('S9722588R', 'CZ2001');
INSERT INTO takes VALUES ('S9722588R', 'CZ2002');
INSERT INTO takes VALUES ('S9722588R', 'CZ3005');
INSERT INTO takes VALUES ('S9831152C', 'CZ1003');
INSERT INTO takes VALUES ('S9831152C', 'CZ1007');
INSERT INTO takes VALUES ('S9831152C', 'BU8201');
INSERT INTO takes VALUES ('S9850619F', 'CZ2001');
INSERT INTO takes VALUES ('S9850619F', 'CZ2002');
INSERT INTO takes VALUES ('S9850619F', 'CZ3005');
INSERT INTO takes VALUES ('S9756352I', 'CZ2001');
INSERT INTO takes VALUES ('S9756352I', 'CZ2002');
INSERT INTO takes VALUES ('S9756352I', 'BU8401');
INSERT INTO takes VALUES ('S9619775Q', 'CZ2001');
INSERT INTO takes VALUES ('S9619775Q', 'CZ2002');
INSERT INTO takes VALUES ('S9619775Q', 'CZ2007');
INSERT INTO takes VALUES ('S9929822J', 'CZ2001');
INSERT INTO takes VALUES ('S9929822J', 'CZ2002');
INSERT INTO takes VALUES ('S9929822J', 'CZ2007');
INSERT INTO takes VALUES ('S9629414M', 'CZ2001');
INSERT INTO takes VALUES ('S9629414M', 'CZ2002');
INSERT INTO takes VALUES ('S9629414M', 'CZ2007');
INSERT INTO takes VALUES ('S9677981C', 'CZ2001');
INSERT INTO takes VALUES ('S9677981C', 'CZ2002');
INSERT INTO takes VALUES ('S9677981C', 'CZ2007');
INSERT INTO takes VALUES ('S9722475Y', 'CZ2001');
INSERT INTO takes VALUES ('S9722475Y', 'CZ2002');
INSERT INTO takes VALUES ('S9722475Y', 'BU8301');
INSERT INTO takes VALUES ('S9851774K', 'CZ2001');
INSERT INTO takes VALUES ('S9851774K', 'CZ2002');
INSERT INTO takes VALUES ('S9851774K', 'CZ2007');
INSERT INTO takes VALUES ('S9736207Q', 'CZ1003');
INSERT INTO takes VALUES ('S9736207Q', 'CZ1007');
INSERT INTO takes VALUES ('S9736207Q', 'MH1101');
INSERT INTO takes VALUES ('S9614412D', 'CZ2001');
INSERT INTO takes VALUES ('S9614412D', 'CZ2002');
INSERT INTO takes VALUES ('S9614412D', 'BU8101');
INSERT INTO takes VALUES ('S9767779R', 'CZ1003');
INSERT INTO takes VALUES ('S9767779R', 'CZ1007');
INSERT INTO takes VALUES ('S9820365J', 'CZ2001');
INSERT INTO takes VALUES ('S9820365J', 'CZ2002');
INSERT INTO takes VALUES ('S9820365J', 'CZ2007');
INSERT INTO takes VALUES ('S9870261F', 'CZ2001');
INSERT INTO takes VALUES ('S9870261F', 'CZ2002');
INSERT INTO takes VALUES ('S9870261F', 'CZ2007');
INSERT INTO takes VALUES ('S9772710P', 'CZ2001');
INSERT INTO takes VALUES ('S9772710P', 'CZ2002');
INSERT INTO takes VALUES ('S9772710P', 'BU8201');
INSERT INTO takes VALUES ('S9657712Y', 'MH2100');
INSERT INTO takes VALUES ('S9657712Y', 'MH2500');
INSERT INTO takes VALUES ('S9684849K', 'MH2100');
INSERT INTO takes VALUES ('S9684849K', 'MH2500');
INSERT INTO takes VALUES ('S9693627R', 'MH2100');
INSERT INTO takes VALUES ('S9693627R', 'MH2500');
INSERT INTO takes VALUES ('S9660049B', 'MH2100');
INSERT INTO takes VALUES ('S9660049B', 'MH2500');
INSERT INTO takes VALUES ('S9739121Z', 'MH2100');
INSERT INTO takes VALUES ('S9739121Z', 'MH2500');
INSERT INTO takes VALUES ('S9696281M', 'MH2100');
INSERT INTO takes VALUES ('S9696281M', 'MH2500');
INSERT INTO takes VALUES ('S9770160P', 'MH2100');
INSERT INTO takes VALUES ('S9770160P', 'MH2500');
INSERT INTO takes VALUES ('S9626262S', 'MH2100');
INSERT INTO takes VALUES ('S9626262S', 'MH2500');
INSERT INTO takes VALUES ('S9778004A', 'MH2100');
INSERT INTO takes VALUES ('S9778004A', 'MH2500');
INSERT INTO takes VALUES ('S9690567B', 'MH2100');
INSERT INTO takes VALUES ('S9690567B', 'MH2500');
INSERT INTO takes VALUES ('S9658098C', 'MH2100');
INSERT INTO takes VALUES ('S9658098C', 'MH2500');
INSERT INTO takes VALUES ('S9727073Y', 'PH1101');
INSERT INTO takes VALUES ('S9727073Y', 'PH1102');
INSERT INTO takes VALUES ('S9727073Y', 'MH1100');
INSERT INTO takes VALUES ('S9645973W', 'PH1101');
INSERT INTO takes VALUES ('S9645973W', 'PH1102');
INSERT INTO takes VALUES ('S9645973W', 'MH1100');
INSERT INTO takes VALUES ('S9844000X', 'PH1101');
INSERT INTO takes VALUES ('S9844000X', 'PH1102');
INSERT INTO takes VALUES ('S9844000X', 'MH1100');
INSERT INTO takes VALUES ('S9920635S', 'PH1101');
INSERT INTO takes VALUES ('S9920635S', 'PH1102');
INSERT INTO takes VALUES ('S9920635S', 'MH1100');
INSERT INTO takes VALUES ('S9975572K', 'PH1101');
INSERT INTO takes VALUES ('S9975572K', 'PH1102');
INSERT INTO takes VALUES ('S9975572K', 'MH1100');
INSERT INTO takes VALUES ('S9945398G', 'PH1101');
INSERT INTO takes VALUES ('S9945398G', 'PH1102');
INSERT INTO takes VALUES ('S9945398G', 'MH1100');
INSERT INTO takes VALUES ('S9860529S', 'PH1101');
INSERT INTO takes VALUES ('S9860529S', 'PH1102');
INSERT INTO takes VALUES ('S9860529S', 'MH1100');
INSERT INTO takes VALUES ('S9830478U', 'PH1101');
INSERT INTO takes VALUES ('S9830478U', 'PH1102');
INSERT INTO takes VALUES ('S9830478U', 'MH1100');
INSERT INTO takes VALUES ('S9637726Z', 'BU8101');
INSERT INTO takes VALUES ('S9637726Z', 'BU8201');
INSERT INTO takes VALUES ('S9637726Z', 'BU8301');
INSERT INTO takes VALUES ('S9930318Z', 'BU8101');
INSERT INTO takes VALUES ('S9930318Z', 'BU8201');
INSERT INTO takes VALUES ('S9930318Z', 'BU8301');
INSERT INTO takes VALUES ('S9817088U', 'BU8101');
INSERT INTO takes VALUES ('S9817088U', 'BU8201');
INSERT INTO takes VALUES ('S9817088U', 'BU8301');
INSERT INTO takes VALUES ('S9828865E', 'BU8101');
INSERT INTO takes VALUES ('S9828865E', 'BU8201');
INSERT INTO takes VALUES ('S9828865E', 'BU8301');
INSERT INTO takes VALUES ('S9963538Q', 'BU8101');
INSERT INTO takes VALUES ('S9963538Q', 'BU8201');
INSERT INTO takes VALUES ('S9963538Q', 'BU8301');
INSERT INTO takes VALUES ('S9963538Q', 'BU8401');
INSERT INTO takes VALUES ('S9915654K', 'BU8201');
INSERT INTO takes VALUES ('S9915654K', 'BU8301');
INSERT INTO takes VALUES ('S9915654K', 'BU8401');
INSERT INTO takes VALUES ('S9786239J', 'BU8101');
INSERT INTO takes VALUES ('S9786239J', 'BU8201');
INSERT INTO takes VALUES ('S9786239J', 'BU8301');
INSERT INTO takes VALUES ('S9750630U', 'BU8101');
INSERT INTO takes VALUES ('S9750630U', 'BU8201');
INSERT INTO takes VALUES ('S9750630U', 'BU8301');
INSERT INTO takes VALUES ('S9945680P', 'BU8201');
INSERT INTO takes VALUES ('S9945680P', 'BU8301');
INSERT INTO takes VALUES ('S9945680P', 'BU8401');
INSERT INTO takes VALUES ('S9682691N', 'BU8201');
INSERT INTO takes VALUES ('S9682691N', 'BU8301');
INSERT INTO takes VALUES ('S9682691N', 'BU8401');
INSERT INTO takes VALUES ('S9867108D', 'BU8201');
INSERT INTO takes VALUES ('S9867108D', 'BU8301');
INSERT INTO takes VALUES ('S9867108D', 'BU8401');
INSERT INTO takes VALUES ('S9726844G', 'BU8201');
INSERT INTO takes VALUES ('S9726844G', 'BU8301');
INSERT INTO takes VALUES ('S9726844G', 'BU8401');
INSERT INTO takes VALUES ('S9628046W', 'BU8201');
INSERT INTO takes VALUES ('S9628046W', 'BU8301');
INSERT INTO takes VALUES ('S9628046W', 'BU8401');
INSERT INTO takes VALUES ('S9719396U', 'BU8201');
INSERT INTO takes VALUES ('S9719396U', 'BU8301');
INSERT INTO takes VALUES ('S9719396U', 'BU8401');
INSERT INTO takes VALUES ('S9796567Y', 'BU8201');
INSERT INTO takes VALUES ('S9796567Y', 'BU8301');
INSERT INTO takes VALUES ('S9796567Y', 'BU8401');
INSERT INTO takes VALUES ('S9775721E', 'BU8201');
INSERT INTO takes VALUES ('S9775721E', 'BU8301');
INSERT INTO takes VALUES ('S9775721E', 'BU8401');
INSERT INTO takes VALUES ('S9770748L', 'BU8201');
INSERT INTO takes VALUES ('S9770748L', 'BU8301');
INSERT INTO takes VALUES ('S9770748L', 'BU8401');
INSERT INTO takes VALUES ('S9731179S', 'BU8201');
INSERT INTO takes VALUES ('S9731179S', 'BU8301');
INSERT INTO takes VALUES ('S9883595K', 'BU8401');
INSERT INTO takes VALUES ('S9883595K', 'BU8101');
INSERT INTO takes VALUES ('S9883595K', 'BU8201');

INSERT INTO assignCommentSuggestionAdminStaff VALUES ('S6542945M', 'S8746763I', 'Finance', '2018/10/03');
INSERT INTO assignCommentSuggestionAdminStaff VALUES ('S8366204Y', 'S7116670Q', 'Student Affairs', '2017/04/27');
INSERT INTO assignCommentSuggestionAdminStaff VALUES ('S6198142A', 'S8019609S', 'Student Welfare', '2019/05/14');
INSERT INTO assignCommentSuggestionAdminStaff VALUES ('S8855688H', 'S7994678N', 'Safety', '2018/12/26');
INSERT INTO assignCommentSuggestionAdminStaff VALUES ('S6429571Q', 'S7138455N', 'Finance', '2015/10/02');
INSERT INTO assignCommentSuggestionAdminStaff VALUES ('S8937330A', 'S8870503O', 'Student Affairs', '2017/06/02');
INSERT INTO assignCommentSuggestionAdminStaff VALUES ('S6716048O', 'S6818581R', 'Student Welfare', '2017/06/16');
INSERT INTO assignCommentSuggestionAdminStaff VALUES ('S6358692S', 'S7487820E', 'Safety', '2019/06/07');
INSERT INTO assignCommentSuggestionAdminStaff VALUES ('S6436689G', 'S6255118D', 'Finance', '2019/08/24');
INSERT INTO assignCommentSuggestionAdminStaff VALUES ('S6919000Y', 'S6048755N', 'Student Affairs', '2018/01/03');
INSERT INTO assignCommentSuggestionAdminStaff VALUES ('S8465420H', 'S6299846Z', 'Student Welfare', '2018/06/26');
INSERT INTO assignCommentSuggestionAdminStaff VALUES ('S6285739O', 'S7557787Z', 'Safety', '2016/05/12');
INSERT INTO assignCommentSuggestionAdminStaff VALUES ('S9093393R', 'S6769786J', 'Finance', '2015/01/08');
INSERT INTO assignCommentSuggestionAdminStaff VALUES ('S6447104U', 'S6740690T', 'Student Affairs', '2015/05/28');
INSERT INTO assignCommentSuggestionAdminStaff VALUES ('S7878199C', 'S8924441X', 'Student Welfare', '2016/12/24');
INSERT INTO assignCommentSuggestionAdminStaff VALUES ('S7714356F', 'S6237582U', 'Safety', '2017/12/26');
INSERT INTO assignCommentSuggestionAdminStaff VALUES ('S6077441L', 'S6588377J', 'Finance', '2015/12/14');
INSERT INTO assignCommentSuggestionAdminStaff VALUES ('S7967552O', 'S6359576S', 'Student Affairs', '2016/06/12');
INSERT INTO assignCommentSuggestionAdminStaff VALUES ('S6542945M', 'S7911444U', 'Student Welfare', '2019/09/03');
INSERT INTO assignCommentSuggestionAdminStaff VALUES ('S8366204Y', 'S7989066J', 'Safety', '2017/05/18');
INSERT INTO assignCommentSuggestionAdminStaff VALUES ('S6198142A', 'S6341130H', 'Finance', '2017/10/27');
INSERT INTO assignCommentSuggestionAdminStaff VALUES ('S8855688H', 'S7252145I', 'Student Affairs', '2016/02/13');
INSERT INTO assignCommentSuggestionAdminStaff VALUES ('S6429571Q', 'S8228859S', 'Student Welfare', '2019/05/01');
INSERT INTO assignCommentSuggestionAdminStaff VALUES ('S8937330A', 'S8746763I', 'Safety', '2016/03/22');
INSERT INTO assignCommentSuggestionAdminStaff VALUES ('S6716048O', 'S7116670Q', 'Finance', '2019/09/13');
INSERT INTO assignCommentSuggestionAdminStaff VALUES ('S6358692S', 'S8019609S', 'Student Affairs', '2015/02/12');
INSERT INTO assignCommentSuggestionAdminStaff VALUES ('S6436689G', 'S7994678N', 'Student Welfare', '2019/03/12');
INSERT INTO assignCommentSuggestionAdminStaff VALUES ('S6919000Y', 'S7138455N', 'Safety', '2017/04/26');
INSERT INTO assignCommentSuggestionAdminStaff VALUES ('S8465420H', 'S8870503O', 'Finance', '2017/10/08');
INSERT INTO assignCommentSuggestionAdminStaff VALUES ('S6285739O', 'S6818581R', 'Student Affairs', '2018/11/03');
INSERT INTO assignCommentSuggestionAdminStaff VALUES ('S9093393R', 'S7487820E', 'Student Welfare', '2016/01/21');
INSERT INTO assignCommentSuggestionAdminStaff VALUES ('S6447104U', 'S6293407X', 'Safety', '2017/09/25');
INSERT INTO assignCommentSuggestionAdminStaff VALUES ('S7878199C', 'S6255118D', 'Finance', '2018/02/22');
INSERT INTO assignCommentSuggestionAdminStaff VALUES ('S7714356F', 'S6048755N', 'Student Affairs', '2016/04/03');
INSERT INTO assignCommentSuggestionAdminStaff VALUES ('S6077441L', 'S6299846Z', 'Student Welfare', '2016/07/18');
INSERT INTO assignCommentSuggestionAdminStaff VALUES ('S7967552O', 'S7557787Z', 'Safety', '2015/08/21');
INSERT INTO assignCommentSuggestionAdminStaff VALUES ('S6542945M', 'S6769786J', 'Finance', '2019/08/13');
INSERT INTO assignCommentSuggestionAdminStaff VALUES ('S8366204Y', 'S6740690T', 'Student Affairs', '2019/05/27');
INSERT INTO assignCommentSuggestionAdminStaff VALUES ('S6198142A', 'S8765026P', 'Student Welfare', '2015/08/19');
INSERT INTO assignCommentSuggestionAdminStaff VALUES ('S8855688H', 'S6237582U', 'Safety', '2019/06/28');
INSERT INTO assignCommentSuggestionAdminStaff VALUES ('S6429571Q', 'S6359576S', 'Finance', '2017/04/05');
INSERT INTO assignCommentSuggestionAdminStaff VALUES ('S8937330A', 'S7911444U', 'Student Affairs', '2018/09/04');
INSERT INTO assignCommentSuggestionAdminStaff VALUES ('S6716048O', 'S7989066J', 'Student Welfare', '2016/02/22');
INSERT INTO assignCommentSuggestionAdminStaff VALUES ('S6358692S', 'S6341130H', 'Safety', '2019/07/04');
INSERT INTO assignCommentSuggestionAdminStaff VALUES ('S6436689G', 'S8228859S', 'Finance', '2018/04/24');

INSERT INTO assignGraduateResearchLab VALUES ('S9946019G', 'Research Lab 1', 'School of Computer Science and Engineering');
INSERT INTO assignGraduateResearchLab VALUES ('S9652691I', 'Research Lab 2', 'School of Computer Science and Engineering');
INSERT INTO assignGraduateResearchLab VALUES ('S9691398S', 'Research Lab 1', 'School of Computer Science and Engineering');
INSERT INTO assignGraduateResearchLab VALUES ('S9893799S', 'Research Lab 2', 'School of Computer Science and Engineering');
INSERT INTO assignGraduateResearchLab VALUES ('S9949768H', 'Research Lab 1', 'School of Computer Science and Engineering');
INSERT INTO assignGraduateResearchLab VALUES ('S9622512G', 'Research Lab 2', 'School of Computer Science and Engineering');
INSERT INTO assignGraduateResearchLab VALUES ('S9759216H', 'Research Lab 1', 'School of Computer Science and Engineering');
INSERT INTO assignGraduateResearchLab VALUES ('S9651893P', 'Research Lab 2', 'School of Computer Science and Engineering');
INSERT INTO assignGraduateResearchLab VALUES ('S9797872B', 'Research Lab 1', 'School of Computer Science and Engineering');
INSERT INTO assignGraduateResearchLab VALUES ('S9963519E', 'Research Lab 2', 'School of Computer Science and Engineering');
INSERT INTO assignGraduateResearchLab VALUES ('S9677057V', 'Research Lab 1', 'School of Computer Science and Engineering');
INSERT INTO assignGraduateResearchLab VALUES ('S9683984N', 'Research Lab 2', 'School of Computer Science and Engineering');
INSERT INTO assignGraduateResearchLab VALUES ('S9899788Y', 'Research Lab 1', 'School of Computer Science and Engineering');
INSERT INTO assignGraduateResearchLab VALUES ('S9666826Y', 'Research Lab 3', 'School of Physical and Mathematical Sciences');
INSERT INTO assignGraduateResearchLab VALUES ('S9844485R', 'Research Lab 4', 'School of Physical and Mathematical Sciences');
INSERT INTO assignGraduateResearchLab VALUES ('S9628927W', 'Research Lab 3', 'School of Physical and Mathematical Sciences');
INSERT INTO assignGraduateResearchLab VALUES ('S9990896A', 'Research Lab 4', 'School of Physical and Mathematical Sciences');
INSERT INTO assignGraduateResearchLab VALUES ('S9877147E', 'Research Lab 3', 'School of Physical and Mathematical Sciences');
INSERT INTO assignGraduateResearchLab VALUES ('S9611886G', 'Research Lab 4', 'School of Physical and Mathematical Sciences');
INSERT INTO assignGraduateResearchLab VALUES ('S9955598U', 'Research Lab 3', 'School of Physical and Mathematical Sciences');
INSERT INTO assignGraduateResearchLab VALUES ('S9711763A', 'Research Lab 4', 'School of Physical and Mathematical Sciences');
INSERT INTO assignGraduateResearchLab VALUES ('S9867774H', 'Research Lab 3', 'School of Physical and Mathematical Sciences');
INSERT INTO assignGraduateResearchLab VALUES ('S9781468O', 'Research Lab 4', 'School of Physical and Mathematical Sciences');
INSERT INTO assignGraduateResearchLab VALUES ('S9672299W', 'Research Lab 3', 'School of Physical and Mathematical Sciences');
INSERT INTO assignGraduateResearchLab VALUES ('S9897266S', 'Research Lab 4', 'School of Physical and Mathematical Sciences');
INSERT INTO assignGraduateResearchLab VALUES ('S9743479F', 'Research Lab 3', 'School of Physical and Mathematical Sciences');
INSERT INTO assignGraduateResearchLab VALUES ('S9720826Z', 'Research Lab 4', 'School of Physical and Mathematical Sciences');
INSERT INTO assignGraduateResearchLab VALUES ('S9639826W', 'Research Lab 3', 'School of Physical and Mathematical Sciences');
INSERT INTO assignGraduateResearchLab VALUES ('S9881948R', 'Research Lab 5', 'Nanyang Business School');
INSERT INTO assignGraduateResearchLab VALUES ('S9878146A', 'Research Lab 5', 'Nanyang Business School');
INSERT INTO assignGraduateResearchLab VALUES ('S9925377M', 'Research Lab 5', 'Nanyang Business School');
INSERT INTO assignGraduateResearchLab VALUES ('S9662439O', 'Research Lab 5', 'Nanyang Business School');
INSERT INTO assignGraduateResearchLab VALUES ('S9754303V', 'Research Lab 5', 'Nanyang Business School');
INSERT INTO assignGraduateResearchLab VALUES ('S9856731Y', 'Research Lab 5', 'Nanyang Business School');
INSERT INTO assignGraduateResearchLab VALUES ('S9685423A', 'Research Lab 5', 'Nanyang Business School');
INSERT INTO assignGraduateResearchLab VALUES ('S9651245B', 'Research Lab 5', 'Nanyang Business School');
INSERT INTO assignGraduateResearchLab VALUES ('S9954632A', 'Research Lab 5', 'Nanyang Business School');
INSERT INTO assignGraduateResearchLab VALUES ('S9664494X', 'Research Lab 5', 'Nanyang Business School');
INSERT INTO assignGraduateResearchLab VALUES ('S9852702M', 'Research Lab 5', 'Nanyang Business School');
INSERT INTO assignGraduateResearchLab VALUES ('S9830620D', 'Research Lab 5', 'Nanyang Business School');
INSERT INTO assignGraduateResearchLab VALUES ('S9641754F', 'Research Lab 5', 'Nanyang Business School');
INSERT INTO assignGraduateResearchLab VALUES ('S9626637W', 'Research Lab 5', 'Nanyang Business School');



